-- phpMyAdmin SQL Dump
-- version 3.4.10.1
-- http://www.phpmyadmin.net
--
-- Host: localhost
-- Generation Time: Aug 23, 2018 at 10:02 AM
-- Server version: 5.5.20
-- PHP Version: 5.3.10

SET SQL_MODE="NO_AUTO_VALUE_ON_ZERO";
SET time_zone = "+00:00";


/*!40101 SET @OLD_CHARACTER_SET_CLIENT=@@CHARACTER_SET_CLIENT */;
/*!40101 SET @OLD_CHARACTER_SET_RESULTS=@@CHARACTER_SET_RESULTS */;
/*!40101 SET @OLD_COLLATION_CONNECTION=@@COLLATION_CONNECTION */;
/*!40101 SET NAMES utf8 */;

--
-- Database: `dbbus`
--

-- --------------------------------------------------------

--
-- Table structure for table `admins`
--

CREATE TABLE IF NOT EXISTS `admins` (
  `id` int(11) NOT NULL AUTO_INCREMENT,
  `username` varchar(255) NOT NULL,
  `email` varchar(255) NOT NULL,
  `mobile` varchar(255) NOT NULL,
  `password` varchar(255) NOT NULL,
  `fullname` varchar(255) NOT NULL,
  `branch` varchar(255) NOT NULL,
  PRIMARY KEY (`id`)
) ENGINE=MyISAM  DEFAULT CHARSET=latin1 AUTO_INCREMENT=3 ;

--
-- Dumping data for table `admins`
--

INSERT INTO `admins` (`id`, `username`, `email`, `mobile`, `password`, `fullname`, `branch`) VALUES
(1, 'admin', 'admin@bus.com.bd', '017', '21232f297a57a5a743894a0e4a801fc3', 'admin admin', 'Dhaka');

-- --------------------------------------------------------

--
-- Table structure for table `bus_info`
--

CREATE TABLE IF NOT EXISTS `bus_info` (
  `id` int(11) NOT NULL AUTO_INCREMENT,
  `busid` int(28) NOT NULL,
  `route` int(28) NOT NULL,
  `time` varchar(255) NOT NULL,
  `date` varchar(255) NOT NULL,
  `seat` varchar(255) NOT NULL,
  `stat` varchar(255) NOT NULL DEFAULT '1',
  `tms` varchar(255) NOT NULL,
  `exp` varchar(255) NOT NULL DEFAULT '0',
  PRIMARY KEY (`id`)
) ENGINE=MyISAM  DEFAULT CHARSET=latin1 AUTO_INCREMENT=70 ;

--
-- Dumping data for table `bus_info`
--

INSERT INTO `bus_info` (`id`, `busid`, `route`, `time`, `date`, `seat`, `stat`, `tms`, `exp`) VALUES
(1, 0, 3, '11:45 PM', '01/05/2016', '40', '1', '1452037500', '1'),
(2, 0, 3, '11:45 PM', '01/06/2016', '40', '1', '1452123900', '1'),
(3, 0, 3, '11:45 PM', '01/07/2016', '40', '1', '1452210300', '1'),
(4, 0, 3, '11:45 PM', '01/08/2016', '40', '1', '1452296700', '1'),
(5, 0, 1, '06:00 AM', '01/05/2016', '40', '1', '1451973600', '1'),
(6, 0, 1, '06:00 AM', '01/06/2016', '40', '1', '1452060000', '1'),
(7, 0, 1, '06:00 AM', '01/07/2016', '40', '1', '1452146400', '1'),
(8, 0, 1, '06:00 AM', '01/08/2016', '40', '1', '1452232800', '1'),
(9, 0, 1, '06:00 AM', '01/09/2016', '40', '1', '1452319200', '1'),
(10, 0, 1, '11:30 PM', '01/06/2016', '40', '1', '1452123000', '1'),
(11, 0, 1, '11:30 PM', '01/07/2016', '40', '1', '1452209400', '1'),
(12, 0, 1, '11:30 PM', '01/08/2016', '40', '1', '1452295800', '1'),
(13, 0, 1, '11:30 PM', '01/09/2016', '40', '1', '1452382200', '1'),
(14, 0, 3, '11:30 PM', '01/06/2016', '40', '1', '1452123000', '1'),
(15, 0, 3, '11:30 PM', '01/07/2016', '40', '1', '1452209400', '1'),
(16, 0, 3, '11:30 PM', '01/08/2016', '40', '1', '1452295800', '1'),
(17, 0, 3, '11:30 PM', '01/09/2016', '40', '1', '1452382200', '1'),
(18, 0, 2, '11:30 PM', '01/06/2016', '40', '1', '1452123000', '1'),
(19, 0, 2, '11:30 PM', '01/07/2016', '40', '1', '1452209400', '1'),
(20, 0, 2, '11:30 PM', '01/08/2016', '40', '1', '1452295800', '1'),
(21, 0, 2, '11:30 PM', '01/09/2016', '40', '1', '1452382200', '1'),
(22, 0, 1, '06:00 AM', '08/13/2018', '40', '1', '1534140000', '1'),
(23, 0, 1, '06:00 AM', '08/14/2018', '40', '1', '1534226400', '1'),
(24, 0, 1, '06:00 AM', '08/15/2018', '40', '1', '1534312800', '1'),
(25, 0, 1, '06:00 AM', '08/16/2018', '40', '1', '1534399200', '1'),
(26, 0, 1, '11:30 PM', '08/13/2018', '40', '1', '1534203000', '1'),
(27, 0, 1, '11:30 PM', '08/14/2018', '40', '1', '1534289400', '1'),
(28, 0, 1, '11:30 PM', '08/15/2018', '40', '1', '1534375800', '1'),
(29, 0, 1, '11:30 PM', '08/16/2018', '40', '1', '1534462200', '1'),
(30, 0, 3, '11:30 PM', '08/13/2018', '40', '1', '1534203000', '1'),
(31, 0, 3, '11:30 PM', '08/14/2018', '40', '1', '1534289400', '1'),
(32, 0, 3, '11:30 PM', '08/15/2018', '40', '1', '1534375800', '1'),
(33, 0, 3, '11:30 PM', '08/16/2018', '40', '1', '1534462200', '1'),
(34, 0, 2, '11:30 PM', '08/13/2018', '40', '1', '1534203000', '1'),
(35, 0, 2, '11:30 PM', '08/14/2018', '40', '1', '1534289400', '1'),
(36, 0, 2, '11:30 PM', '08/15/2018', '40', '1', '1534375800', '1'),
(37, 0, 2, '11:30 PM', '08/16/2018', '40', '1', '1534462200', '1'),
(38, 0, 1, '06:00 AM', '08/17/2018', '40', '1', '1534485600', '1'),
(39, 0, 1, '06:00 AM', '08/18/2018', '40', '1', '1534572000', '1'),
(40, 0, 1, '06:00 AM', '08/19/2018', '40', '1', '1534658400', '1'),
(41, 0, 1, '06:00 AM', '08/20/2018', '40', '1', '1534744800', '1'),
(42, 0, 1, '11:30 PM', '08/17/2018', '40', '1', '1534548600', '1'),
(43, 0, 1, '11:30 PM', '08/18/2018', '40', '1', '1534635000', '1'),
(44, 0, 1, '11:30 PM', '08/19/2018', '40', '1', '1534721400', '1'),
(45, 0, 1, '11:30 PM', '08/20/2018', '40', '1', '1534807800', '1'),
(46, 0, 3, '11:30 PM', '08/17/2018', '40', '1', '1534548600', '1'),
(47, 0, 3, '11:30 PM', '08/18/2018', '40', '1', '1534635000', '1'),
(48, 0, 3, '11:30 PM', '08/19/2018', '40', '1', '1534721400', '1'),
(49, 0, 3, '11:30 PM', '08/20/2018', '40', '1', '1534807800', '1'),
(50, 0, 2, '11:30 PM', '08/17/2018', '40', '1', '1534548600', '1'),
(51, 0, 2, '11:30 PM', '08/18/2018', '40', '1', '1534635000', '1'),
(52, 0, 2, '11:30 PM', '08/19/2018', '40', '1', '1534721400', '1'),
(53, 0, 2, '11:30 PM', '08/20/2018', '40', '1', '1534807800', '1'),
(54, 0, 1, '06:00 AM', '08/23/2018', '40', '1', '1535004000', '1'),
(55, 0, 1, '06:00 AM', '08/24/2018', '40', '1', '1535090400', '0'),
(56, 0, 1, '06:00 AM', '08/25/2018', '40', '1', '1535176800', '0'),
(57, 0, 1, '06:00 AM', '08/26/2018', '40', '1', '1535263200', '0'),
(58, 0, 1, '11:30 PM', '08/23/2018', '40', '1', '1535067000', '0'),
(59, 0, 1, '11:30 PM', '08/24/2018', '40', '1', '1535153400', '0'),
(60, 0, 1, '11:30 PM', '08/25/2018', '40', '1', '1535239800', '0'),
(61, 0, 1, '11:30 PM', '08/26/2018', '40', '1', '1535326200', '0'),
(62, 0, 3, '11:30 PM', '08/23/2018', '40', '1', '1535067000', '0'),
(63, 0, 3, '11:30 PM', '08/24/2018', '40', '1', '1535153400', '0'),
(64, 0, 3, '11:30 PM', '08/25/2018', '40', '1', '1535239800', '0'),
(65, 0, 3, '11:30 PM', '08/26/2018', '40', '1', '1535326200', '0'),
(66, 0, 2, '11:30 PM', '08/23/2018', '40', '1', '1535067000', '0'),
(67, 0, 2, '11:30 PM', '08/24/2018', '40', '1', '1535153400', '0'),
(68, 0, 2, '11:30 PM', '08/25/2018', '40', '1', '1535239800', '0'),
(69, 0, 2, '11:30 PM', '08/26/2018', '40', '1', '1535326200', '0');

-- --------------------------------------------------------

--
-- Table structure for table `bus_route`
--

CREATE TABLE IF NOT EXISTS `bus_route` (
  `id` int(11) NOT NULL AUTO_INCREMENT,
  `routename` varchar(255) NOT NULL,
  PRIMARY KEY (`id`)
) ENGINE=MyISAM  DEFAULT CHARSET=latin1 AUTO_INCREMENT=5 ;

--
-- Dumping data for table `bus_route`
--

INSERT INTO `bus_route` (`id`, `routename`) VALUES
(1, 'Nairobi to Kisumu'),
(2, 'Nairobi to Mombasa'),
(3, 'Nairobi to Eldoret'),
(4, 'Nairobi to Voi');

-- --------------------------------------------------------

--
-- Table structure for table `bus_sch`
--

CREATE TABLE IF NOT EXISTS `bus_sch` (
  `id` int(11) NOT NULL AUTO_INCREMENT,
  `route` int(28) NOT NULL,
  `time` varchar(255) NOT NULL,
  `seat` varchar(255) NOT NULL,
  PRIMARY KEY (`id`)
) ENGINE=MyISAM  DEFAULT CHARSET=latin1 AUTO_INCREMENT=6 ;

--
-- Dumping data for table `bus_sch`
--

INSERT INTO `bus_sch` (`id`, `route`, `time`, `seat`) VALUES
(3, 1, '11:30 PM', '40'),
(2, 1, '06:00 AM', '40'),
(4, 3, '11:30 PM', '40'),
(5, 2, '11:30 PM', '40');

-- --------------------------------------------------------

--
-- Table structure for table `general_setting`
--

CREATE TABLE IF NOT EXISTS `general_setting` (
  `id` int(11) NOT NULL AUTO_INCREMENT,
  `sitename` varchar(255) NOT NULL,
  `email` varchar(255) NOT NULL,
  `mobile` varchar(255) NOT NULL,
  `tvcode` varchar(2555) NOT NULL,
  `radiocode` varchar(2555) NOT NULL,
  PRIMARY KEY (`id`)
) ENGINE=MyISAM  DEFAULT CHARSET=latin1 AUTO_INCREMENT=2 ;

--
-- Dumping data for table `general_setting`
--

INSERT INTO `general_setting` (`id`, `sitename`, `email`, `mobile`, `tvcode`, `radiocode`) VALUES
(1, 'Transline Bus Ticket Reservation System | Transline Bus Ticket Booking', 'admin@rexbd.net', '0726339138', '0', '<audio id="TSK" src="http://172.245.211.51:9988/;" type="audio/mp3" controls="controls" autoplay="true"></audio>');

-- --------------------------------------------------------

--
-- Table structure for table `menus`
--

CREATE TABLE IF NOT EXISTS `menus` (
  `id` int(11) NOT NULL AUTO_INCREMENT,
  `title` varchar(255) NOT NULL,
  `btext` blob NOT NULL,
  PRIMARY KEY (`id`)
) ENGINE=MyISAM  DEFAULT CHARSET=latin1 AUTO_INCREMENT=9 ;

--
-- Dumping data for table `menus`
--

INSERT INTO `menus` (`id`, `title`, `btext`) VALUES
(1, 'HOME', 0x3c7370616e3e5765206861766520646576656c6f70656420427573205469636b6574205265736572766174696f6e2053797374656d266e6273703b7573696e6720504850266e6273703b616e64204d7953514c2e205468697320697320746865206f6e6c696e652070726f6a65637420776f726b7320696e2074686520776562736974652e20496e20746869732070726f6a6563742050617373656e67657220626f6f6b7320746865207469636b657420616e642068652070617973207468726f756768206f6e6c696e652e266e6273703b546869732070726f6a6563742070726f7669646573206275732064657461696c732c20726f75746520696e666f726d6174696f6e2c2073656174732064657461696c732c2062696c6c696e672064657461696c732c207469636b657420696e666f726d6174696f6e2c20736561742063616e63656c6c6174696f6e2c206574633c62723e3c2f7370616e3e3c62723e3c7370616e3e5765206861766520646576656c6f70656420427573205469636b6574205265736572766174696f6e2053797374656d266e6273703b7573696e6720504850266e6273703b616e64204d7953514c2e205468697320697320746865206f6e6c696e652070726f6a65637420776f726b7320696e2074686520776562736974652e20496e20746869732070726f6a6563742050617373656e67657220626f6f6b7320746865207469636b657420616e642068652070617973207468726f756768206f6e6c696e652e266e6273703b546869732070726f6a6563742070726f7669646573206275732064657461696c732c20726f75746520696e666f726d6174696f6e2c2073656174732064657461696c732c2062696c6c696e672064657461696c732c207469636b657420696e666f726d6174696f6e2c20736561742063616e63656c6c6174696f6e2c206574633c62723e3c2f7370616e3e3c62723e5765206861766520646576656c6f70656420427573205469636b6574205265736572766174696f6e2053797374656d266e6273703b7573696e6720504850266e6273703b616e64204d7953514c2e205468697320697320746865206f6e6c696e652070726f6a65637420776f726b7320696e2074686520776562736974652e20496e20746869732070726f6a6563742050617373656e67657220626f6f6b7320746865207469636b657420616e642068652070617973207468726f756768206f6e6c696e652e266e6273703b546869732070726f6a6563742070726f7669646573206275732064657461696c732c20726f75746520696e666f726d6174696f6e2c2073656174732064657461696c732c2062696c6c696e672064657461696c732c207469636b657420696e666f726d6174696f6e2c20736561742063616e63656c6c6174696f6e2c206574633c62723e3c62723e),
(2, 'About Us', 0x3c7370616e3e5765206861766520646576656c6f70656420427573205469636b6574205265736572766174696f6e2053797374656d266e6273703b7573696e6720504850266e6273703b616e64204d7953514c2e205468697320697320746865206f6e6c696e652070726f6a65637420776f726b7320696e2074686520776562736974652e20496e20746869732070726f6a6563742050617373656e67657220626f6f6b7320746865207469636b657420616e642068652070617973207468726f756768206f6e6c696e652e266e6273703b546869732070726f6a6563742070726f7669646573206275732064657461696c732c20726f75746520696e666f726d6174696f6e2c2073656174732064657461696c732c2062696c6c696e672064657461696c732c207469636b657420696e666f726d6174696f6e2c20736561742063616e63656c6c6174696f6e2c206574633c62723e3c2f7370616e3e3c62723e3c7370616e3e5765206861766520646576656c6f70656420427573205469636b6574205265736572766174696f6e2053797374656d266e6273703b7573696e6720504850266e6273703b616e64204d7953514c2e205468697320697320746865206f6e6c696e652070726f6a65637420776f726b7320696e2074686520776562736974652e20496e20746869732070726f6a6563742050617373656e67657220626f6f6b7320746865207469636b657420616e642068652070617973207468726f756768206f6e6c696e652e266e6273703b546869732070726f6a6563742070726f7669646573206275732064657461696c732c20726f75746520696e666f726d6174696f6e2c2073656174732064657461696c732c2062696c6c696e672064657461696c732c207469636b657420696e666f726d6174696f6e2c20736561742063616e63656c6c6174696f6e2c206574633c62723e3c2f7370616e3e3c62723e5765206861766520646576656c6f70656420427573205469636b6574205265736572766174696f6e2053797374656d266e6273703b7573696e6720504850266e6273703b616e64204d7953514c2e205468697320697320746865206f6e6c696e652070726f6a65637420776f726b7320696e2074686520776562736974652e20496e20746869732070726f6a6563742050617373656e67657220626f6f6b7320746865207469636b657420616e642068652070617973207468726f756768206f6e6c696e652e266e6273703b546869732070726f6a6563742070726f7669646573206275732064657461696c732c20726f75746520696e666f726d6174696f6e2c2073656174732064657461696c732c2062696c6c696e672064657461696c732c207469636b657420696e666f726d6174696f6e2c20736561742063616e63656c6c6174696f6e2c206574633c62723e),
(4, 'Your Menu', 0x3c7370616e3e5765206861766520646576656c6f70656420427573205469636b6574205265736572766174696f6e2053797374656d266e6273703b7573696e6720504850266e6273703b616e64204d7953514c2e205468697320697320746865206f6e6c696e652070726f6a65637420776f726b7320696e2074686520776562736974652e20496e20746869732070726f6a6563742050617373656e67657220626f6f6b7320746865207469636b657420616e642068652070617973207468726f756768206f6e6c696e652e266e6273703b546869732070726f6a6563742070726f7669646573206275732064657461696c732c20726f75746520696e666f726d6174696f6e2c2073656174732064657461696c732c2062696c6c696e672064657461696c732c207469636b657420696e666f726d6174696f6e2c20736561742063616e63656c6c6174696f6e2c206574633c62723e3c2f7370616e3e3c62723e3c7370616e3e5765206861766520646576656c6f70656420427573205469636b6574205265736572766174696f6e2053797374656d266e6273703b7573696e6720504850266e6273703b616e64204d7953514c2e205468697320697320746865206f6e6c696e652070726f6a65637420776f726b7320696e2074686520776562736974652e20496e20746869732070726f6a6563742050617373656e67657220626f6f6b7320746865207469636b657420616e642068652070617973207468726f756768206f6e6c696e652e266e6273703b546869732070726f6a6563742070726f7669646573206275732064657461696c732c20726f75746520696e666f726d6174696f6e2c2073656174732064657461696c732c2062696c6c696e672064657461696c732c207469636b657420696e666f726d6174696f6e2c20736561742063616e63656c6c6174696f6e2c206574633c62723e3c2f7370616e3e3c62723e5765206861766520646576656c6f70656420427573205469636b6574205265736572766174696f6e2053797374656d266e6273703b7573696e6720504850266e6273703b616e64204d7953514c2e205468697320697320746865206f6e6c696e652070726f6a65637420776f726b7320696e2074686520776562736974652e20496e20746869732070726f6a6563742050617373656e67657220626f6f6b7320746865207469636b657420616e642068652070617973207468726f756768206f6e6c696e652e266e6273703b546869732070726f6a6563742070726f7669646573206275732064657461696c732c20726f75746520696e666f726d6174696f6e2c2073656174732064657461696c732c2062696c6c696e672064657461696c732c207469636b657420696e666f726d6174696f6e2c20736561742063616e63656c6c6174696f6e2c206574633c62723e),
(5, 'Your Page', 0x3c7370616e3e5765206861766520646576656c6f70656420427573205469636b6574205265736572766174696f6e2053797374656d266e6273703b7573696e6720504850266e6273703b616e64204d7953514c2e205468697320697320746865206f6e6c696e652070726f6a65637420776f726b7320696e2074686520776562736974652e20496e20746869732070726f6a6563742050617373656e67657220626f6f6b7320746865207469636b657420616e642068652070617973207468726f756768206f6e6c696e652e266e6273703b546869732070726f6a6563742070726f7669646573206275732064657461696c732c20726f75746520696e666f726d6174696f6e2c2073656174732064657461696c732c2062696c6c696e672064657461696c732c207469636b657420696e666f726d6174696f6e2c20736561742063616e63656c6c6174696f6e2c206574633c62723e3c2f7370616e3e3c62723e3c7370616e3e5765206861766520646576656c6f70656420427573205469636b6574205265736572766174696f6e2053797374656d266e6273703b7573696e6720504850266e6273703b616e64204d7953514c2e205468697320697320746865206f6e6c696e652070726f6a65637420776f726b7320696e2074686520776562736974652e20496e20746869732070726f6a6563742050617373656e67657220626f6f6b7320746865207469636b657420616e642068652070617973207468726f756768206f6e6c696e652e266e6273703b546869732070726f6a6563742070726f7669646573206275732064657461696c732c20726f75746520696e666f726d6174696f6e2c2073656174732064657461696c732c2062696c6c696e672064657461696c732c207469636b657420696e666f726d6174696f6e2c20736561742063616e63656c6c6174696f6e2c206574633c62723e3c2f7370616e3e3c62723e5765206861766520646576656c6f70656420427573205469636b6574205265736572766174696f6e2053797374656d266e6273703b7573696e6720504850266e6273703b616e64204d7953514c2e205468697320697320746865206f6e6c696e652070726f6a65637420776f726b7320696e2074686520776562736974652e20496e20746869732070726f6a6563742050617373656e67657220626f6f6b7320746865207469636b657420616e642068652070617973207468726f756768206f6e6c696e652e266e6273703b546869732070726f6a6563742070726f7669646573206275732064657461696c732c20726f75746520696e666f726d6174696f6e2c2073656174732064657461696c732c2062696c6c696e672064657461696c732c207469636b657420696e666f726d6174696f6e2c20736561742063616e63656c6c6174696f6e2c206574633c62723e),
(7, 'Contact', 0x3c7370616e3e5765206861766520646576656c6f70656420427573205469636b6574205265736572766174696f6e2053797374656d266e6273703b7573696e6720504850266e6273703b616e64204d7953514c2e205468697320697320746865206f6e6c696e652070726f6a65637420776f726b7320696e2074686520776562736974652e20496e20746869732070726f6a6563742050617373656e67657220626f6f6b7320746865207469636b657420616e642068652070617973207468726f756768206f6e6c696e652e266e6273703b546869732070726f6a6563742070726f7669646573206275732064657461696c732c20726f75746520696e666f726d6174696f6e2c2073656174732064657461696c732c2062696c6c696e672064657461696c732c207469636b657420696e666f726d6174696f6e2c20736561742063616e63656c6c6174696f6e2c206574633c62723e3c2f7370616e3e3c62723e3c7370616e3e5765206861766520646576656c6f70656420427573205469636b6574205265736572766174696f6e2053797374656d266e6273703b7573696e6720504850266e6273703b616e64204d7953514c2e205468697320697320746865206f6e6c696e652070726f6a65637420776f726b7320696e2074686520776562736974652e20496e20746869732070726f6a6563742050617373656e67657220626f6f6b7320746865207469636b657420616e642068652070617973207468726f756768206f6e6c696e652e266e6273703b546869732070726f6a6563742070726f7669646573206275732064657461696c732c20726f75746520696e666f726d6174696f6e2c2073656174732064657461696c732c2062696c6c696e672064657461696c732c207469636b657420696e666f726d6174696f6e2c20736561742063616e63656c6c6174696f6e2c206574633c62723e3c2f7370616e3e3c62723e5765206861766520646576656c6f70656420427573205469636b6574205265736572766174696f6e2053797374656d266e6273703b7573696e6720504850266e6273703b616e64204d7953514c2e205468697320697320746865206f6e6c696e652070726f6a65637420776f726b7320696e2074686520776562736974652e20496e20746869732070726f6a6563742050617373656e67657220626f6f6b7320746865207469636b657420616e642068652070617973207468726f756768206f6e6c696e652e266e6273703b546869732070726f6a6563742070726f7669646573206275732064657461696c732c20726f75746520696e666f726d6174696f6e2c2073656174732064657461696c732c2062696c6c696e672064657461696c732c207469636b657420696e666f726d6174696f6e2c20736561742063616e63656c6c6174696f6e2c206574633c62723e);

-- --------------------------------------------------------

--
-- Table structure for table `seat_details`
--

CREATE TABLE IF NOT EXISTS `seat_details` (
  `id` int(11) NOT NULL AUTO_INCREMENT,
  `busid` int(28) NOT NULL,
  `seatid` int(2) NOT NULL,
  `uid` int(255) NOT NULL,
  `pname` varchar(255) NOT NULL,
  `pmobile` varchar(20) NOT NULL,
  `start` varchar(255) NOT NULL,
  `depart` varchar(255) NOT NULL,
  `trxid` varchar(255) NOT NULL,
  `status` int(1) NOT NULL,
  `note` varchar(255) NOT NULL,
  PRIMARY KEY (`id`)
) ENGINE=MyISAM  DEFAULT CHARSET=latin1 AUTO_INCREMENT=2765 ;

--
-- Dumping data for table `seat_details`
--

INSERT INTO `seat_details` (`id`, `busid`, `seatid`, `uid`, `pname`, `pmobile`, `start`, `depart`, `trxid`, `status`, `note`) VALUES
(1, 1, 1, 0, '', '', '', '', '', 0, ''),
(2, 1, 2, 0, '', '', '', '', '', 0, ''),
(3, 1, 3, 0, '', '', '', '', '', 0, ''),
(4, 1, 4, 0, '', '', '', '', '', 0, ''),
(5, 1, 5, 0, '', '', '', '', '', 0, ''),
(6, 1, 6, 0, '', '', '', '', '', 0, ''),
(7, 1, 7, 0, '', '', '', '', '', 0, ''),
(8, 1, 8, 0, '', '', '', '', '', 0, ''),
(9, 1, 9, 0, '', '', '', '', '', 0, ''),
(10, 1, 10, 0, '', '', '', '', '', 0, ''),
(11, 1, 11, 0, '', '', '', '', '', 0, ''),
(12, 1, 12, 0, '', '', '', '', '', 0, ''),
(13, 1, 13, 0, '', '', '', '', '', 0, ''),
(14, 1, 14, 0, '', '', '', '', '', 0, ''),
(15, 1, 15, 0, '', '', '', '', '', 0, ''),
(16, 1, 16, 0, '', '', '', '', '', 0, ''),
(17, 1, 17, 0, '', '', '', '', '', 0, ''),
(18, 1, 18, 0, '', '', '', '', '', 0, ''),
(844, 1, 33, 0, '', '', '', '', '', 0, ''),
(843, 1, 33, 0, '', '', '', '', '', 0, ''),
(842, 1, 34, 0, '', '', '', '', '', 0, ''),
(841, 1, 33, 0, '', '', '', '', '', 0, ''),
(26, 1, 26, 0, '', '', '', '', '', 0, ''),
(27, 1, 27, 0, '', '', '', '', '', 0, ''),
(28, 1, 28, 0, '', '', '', '', '', 0, ''),
(29, 1, 29, 0, '', '', '', '', '', 0, ''),
(30, 1, 30, 0, '', '', '', '', '', 0, ''),
(31, 1, 31, 0, '', '', '', '', '', 0, ''),
(32, 1, 32, 0, '', '', '', '', '', 0, ''),
(33, 1, 33, 0, '', '', '', '', '', 0, ''),
(34, 1, 34, 0, '', '', '', '', '', 0, ''),
(35, 1, 35, 0, '', '', '', '', '', 0, ''),
(36, 1, 36, 0, '', '', '', '', '', 0, ''),
(37, 1, 37, 0, '', '', '', '', '', 0, ''),
(38, 1, 38, 0, '', '', '', '', '', 0, ''),
(39, 1, 39, 0, '', '', '', '', '', 0, ''),
(40, 1, 40, 0, '', '', '', '', '', 0, ''),
(41, 2, 1, 0, '', '', '', '', '', 0, ''),
(42, 2, 2, 0, '', '', '', '', '', 0, ''),
(43, 2, 3, 0, '', '', '', '', '', 0, ''),
(44, 2, 4, 0, '', '', '', '', '', 0, ''),
(45, 2, 5, 0, '', '', '', '', '', 0, ''),
(46, 2, 6, 0, '', '', '', '', '', 0, ''),
(47, 2, 7, 0, '', '', '', '', '', 0, ''),
(48, 2, 8, 0, '', '', '', '', '', 0, ''),
(49, 2, 9, 0, '', '', '', '', '', 0, ''),
(50, 2, 10, 0, '', '', '', '', '', 0, ''),
(51, 2, 11, 0, '', '', '', '', '', 0, ''),
(52, 2, 12, 0, '', '', '', '', '', 0, ''),
(53, 2, 13, 0, '', '', '', '', '', 0, ''),
(54, 2, 14, 0, '', '', '', '', '', 0, ''),
(55, 2, 15, 0, '', '', '', '', '', 0, ''),
(56, 2, 16, 0, '', '', '', '', '', 0, ''),
(57, 2, 17, 0, '', '', '', '', '', 0, ''),
(58, 2, 18, 0, '', '', '', '', '', 0, ''),
(59, 2, 19, 0, '', '', '', '', '', 0, ''),
(60, 2, 20, 0, '', '', '', '', '', 0, ''),
(61, 2, 21, 0, '', '', '', '', '', 0, ''),
(62, 2, 22, 0, '', '', '', '', '', 0, ''),
(63, 2, 23, 0, '', '', '', '', '', 0, ''),
(64, 2, 24, 0, '', '', '', '', '', 0, ''),
(65, 2, 25, 0, '', '', '', '', '', 0, ''),
(66, 2, 26, 0, '', '', '', '', '', 0, ''),
(67, 2, 27, 0, '', '', '', '', '', 0, ''),
(68, 2, 28, 0, '', '', '', '', '', 0, ''),
(69, 2, 29, 0, '', '', '', '', '', 0, ''),
(70, 2, 30, 0, '', '', '', '', '', 0, ''),
(71, 2, 31, 0, '', '', '', '', '', 0, ''),
(72, 2, 32, 0, '', '', '', '', '', 0, ''),
(73, 2, 33, 0, '', '', '', '', '', 0, ''),
(74, 2, 34, 0, '', '', '', '', '', 0, ''),
(75, 2, 35, 0, '', '', '', '', '', 0, ''),
(76, 2, 36, 0, '', '', '', '', '', 0, ''),
(77, 2, 37, 0, '', '', '', '', '', 0, ''),
(78, 2, 38, 0, '', '', '', '', '', 0, ''),
(79, 2, 39, 0, '', '', '', '', '', 0, ''),
(80, 2, 40, 0, '', '', '', '', '', 0, ''),
(81, 3, 1, 0, '', '', '', '', '', 0, ''),
(82, 3, 2, 0, 'unnmi', 'nbiunmkimn', 'mnnkimn', 'ikmmn ikmni', '', 1, ''),
(83, 3, 3, 0, 'unnmi', 'nbiunmkimn', 'mnnkimn', 'ikmmn ikmni', '', 1, ''),
(84, 3, 4, 0, '', '', '', '', '', 0, ''),
(85, 3, 5, 0, '', '', '', '', '', 0, ''),
(86, 3, 6, 0, 'unnmi', 'nbiunmkimn', 'mnnkimn', 'ikmmn ikmni', '', 1, ''),
(87, 3, 7, 0, 'unnmi', 'nbiunmkimn', 'mnnkimn', 'ikmmn ikmni', '', 1, ''),
(88, 3, 8, 0, '', '', '', '', '', 0, ''),
(89, 3, 9, 0, '', '', '', '', '', 0, ''),
(90, 3, 10, 0, 'unnmi', 'nbiunmkimn', 'mnnkimn', 'ikmmn ikmni', '', 1, ''),
(91, 3, 11, 0, 'unnmi', 'nbiunmkimn', 'mnnkimn', 'ikmmn ikmni', '', 1, ''),
(92, 3, 12, 0, '', '', '', '', '', 0, ''),
(93, 3, 13, 0, '', '', '', '', '', 0, ''),
(94, 3, 14, 0, '', '', '', '', '', 0, ''),
(95, 3, 15, 0, '', '', '', '', '', 0, ''),
(96, 3, 16, 0, '', '', '', '', '', 0, ''),
(97, 3, 17, 0, '', '', '', '', '', 0, ''),
(98, 3, 18, 0, '', '', '', '', '', 0, ''),
(99, 3, 19, 0, '', '', '', '', '', 0, ''),
(100, 3, 20, 0, '', '', '', '', '', 0, ''),
(101, 3, 21, 0, '', '', '', '', '', 0, ''),
(102, 3, 22, 0, '', '', '', '', '', 0, ''),
(103, 3, 23, 0, '', '', '', '', '', 0, ''),
(104, 3, 24, 0, '', '', '', '', '', 0, ''),
(105, 3, 25, 0, '', '', '', '', '', 0, ''),
(106, 3, 26, 0, '', '', '', '', '', 0, ''),
(107, 3, 27, 0, '', '', '', '', '', 0, ''),
(108, 3, 28, 0, '', '', '', '', '', 0, ''),
(109, 3, 29, 0, '', '', '', '', '', 0, ''),
(110, 3, 30, 0, '', '', '', '', '', 0, ''),
(111, 3, 31, 0, '', '', '', '', '', 0, ''),
(112, 3, 32, 0, '', '', '', '', '', 0, ''),
(113, 3, 33, 0, '', '', '', '', '', 0, ''),
(114, 3, 34, 0, '', '', '', '', '', 0, ''),
(115, 3, 35, 0, '', '', '', '', '', 0, ''),
(116, 3, 36, 0, '', '', '', '', '', 0, ''),
(117, 3, 37, 0, '', '', '', '', '', 0, ''),
(118, 3, 38, 0, '', '', '', '', '', 0, ''),
(119, 3, 39, 0, '', '', '', '', '', 0, ''),
(120, 3, 40, 0, '', '', '', '', '', 0, ''),
(121, 4, 1, 0, '', '', '', '', '', 0, ''),
(122, 4, 2, 0, '', '', '', '', '', 0, ''),
(123, 4, 3, 0, '', '', '', '', '', 0, ''),
(124, 4, 4, 0, '', '', '', '', '', 0, ''),
(125, 4, 5, 0, '', '', '', '', '', 0, ''),
(126, 4, 6, 0, '', '', '', '', '', 0, ''),
(127, 4, 7, 0, '', '', '', '', '', 0, ''),
(128, 4, 8, 0, '', '', '', '', '', 0, ''),
(129, 4, 9, 0, '', '', '', '', '', 0, ''),
(130, 4, 10, 0, '', '', '', '', '', 0, ''),
(131, 4, 11, 0, '', '', '', '', '', 0, ''),
(132, 4, 12, 0, '', '', '', '', '', 0, ''),
(133, 4, 13, 0, '', '', '', '', '', 0, ''),
(134, 4, 14, 0, '', '', '', '', '', 0, ''),
(135, 4, 15, 0, '', '', '', '', '', 0, ''),
(136, 4, 16, 0, '', '', '', '', '', 0, ''),
(137, 4, 17, 0, '', '', '', '', '', 0, ''),
(138, 4, 18, 0, '', '', '', '', '', 0, ''),
(139, 4, 19, 0, '', '', '', '', '', 0, ''),
(140, 4, 20, 0, '', '', '', '', '', 0, ''),
(141, 4, 21, 0, '', '', '', '', '', 0, ''),
(142, 4, 22, 0, '', '', '', '', '', 0, ''),
(143, 4, 23, 0, '', '', '', '', '', 0, ''),
(144, 4, 24, 0, '', '', '', '', '', 0, ''),
(145, 4, 25, 0, '', '', '', '', '', 0, ''),
(146, 4, 26, 0, '', '', '', '', '', 0, ''),
(147, 4, 27, 0, '', '', '', '', '', 0, ''),
(148, 4, 28, 0, '', '', '', '', '', 0, ''),
(149, 4, 29, 0, '', '', '', '', '', 0, ''),
(150, 4, 30, 0, '', '', '', '', '', 0, ''),
(151, 4, 31, 0, '', '', '', '', '', 0, ''),
(152, 4, 32, 0, '', '', '', '', '', 0, ''),
(153, 4, 33, 0, '', '', '', '', '', 0, ''),
(154, 4, 34, 0, '', '', '', '', '', 0, ''),
(155, 4, 35, 0, '', '', '', '', '', 0, ''),
(156, 4, 36, 0, '', '', '', '', '', 0, ''),
(157, 4, 37, 0, '', '', '', '', '', 0, ''),
(158, 4, 38, 0, '', '', '', '', '', 0, ''),
(159, 4, 39, 0, '', '', '', '', '', 0, ''),
(160, 4, 40, 0, '', '', '', '', '', 0, ''),
(161, 5, 1, 0, '', '', '', '', '', 0, ''),
(162, 5, 2, 0, '', '', '', '', '', 0, ''),
(163, 5, 3, 0, '', '', '', '', '', 0, ''),
(164, 5, 4, 0, '', '', '', '', '', 0, ''),
(165, 5, 5, 0, '', '', '', '', '', 0, ''),
(166, 5, 6, 0, '', '', '', '', '', 0, ''),
(167, 5, 7, 0, '', '', '', '', '', 0, ''),
(168, 5, 8, 0, '', '', '', '', '', 0, ''),
(169, 5, 9, 0, '', '', '', '', '', 0, ''),
(170, 5, 10, 0, '', '', '', '', '', 0, ''),
(171, 5, 11, 0, '', '', '', '', '', 0, ''),
(172, 5, 12, 0, '', '', '', '', '', 0, ''),
(173, 5, 13, 0, '', '', '', '', '', 0, ''),
(174, 5, 14, 0, '', '', '', '', '', 0, ''),
(175, 5, 15, 0, '', '', '', '', '', 0, ''),
(176, 5, 16, 0, '', '', '', '', '', 0, ''),
(177, 5, 17, 0, '', '', '', '', '', 0, ''),
(178, 5, 18, 0, '', '', '', '', '', 0, ''),
(179, 5, 19, 0, '', '', '', '', '', 0, ''),
(180, 5, 20, 0, '', '', '', '', '', 0, ''),
(181, 5, 21, 0, '', '', '', '', '', 0, ''),
(182, 5, 22, 0, '', '', '', '', '', 0, ''),
(183, 5, 23, 0, '', '', '', '', '', 0, ''),
(184, 5, 24, 0, '', '', '', '', '', 0, ''),
(185, 5, 25, 0, '', '', '', '', '', 0, ''),
(186, 5, 26, 0, '', '', '', '', '', 0, ''),
(187, 5, 27, 0, '', '', '', '', '', 0, ''),
(188, 5, 28, 0, '', '', '', '', '', 0, ''),
(189, 5, 29, 0, '', '', '', '', '', 0, ''),
(190, 5, 30, 0, '', '', '', '', '', 0, ''),
(191, 5, 31, 0, '', '', '', '', '', 0, ''),
(192, 5, 32, 0, '', '', '', '', '', 0, ''),
(193, 5, 33, 0, '', '', '', '', '', 0, ''),
(194, 5, 34, 0, '', '', '', '', '', 0, ''),
(195, 5, 35, 0, '', '', '', '', '', 0, ''),
(196, 5, 36, 0, '', '', '', '', '', 0, ''),
(197, 5, 37, 0, '', '', '', '', '', 0, ''),
(198, 5, 38, 0, '', '', '', '', '', 0, ''),
(199, 5, 39, 0, '', '', '', '', '', 0, ''),
(200, 5, 40, 0, '', '', '', '', '', 0, ''),
(201, 6, 1, 0, '', '', '', '', '', 0, ''),
(202, 6, 2, 0, '', '', '', '', '', 0, ''),
(203, 6, 3, 0, '', '', '', '', '', 0, ''),
(204, 6, 4, 0, '', '', '', '', '', 0, ''),
(205, 6, 5, 0, '', '', '', '', '', 0, ''),
(206, 6, 6, 0, '', '', '', '', '', 0, ''),
(207, 6, 7, 0, '', '', '', '', '', 0, ''),
(208, 6, 8, 0, '', '', '', '', '', 0, ''),
(209, 6, 9, 0, '', '', '', '', '', 0, ''),
(210, 6, 10, 0, '', '', '', '', '', 0, ''),
(211, 6, 11, 0, '', '', '', '', '', 0, ''),
(212, 6, 12, 0, '', '', '', '', '', 0, ''),
(213, 6, 13, 0, '', '', '', '', '', 0, ''),
(214, 6, 14, 0, '', '', '', '', '', 0, ''),
(215, 6, 15, 0, '', '', '', '', '', 0, ''),
(216, 6, 16, 0, '', '', '', '', '', 0, ''),
(217, 6, 17, 0, '', '', '', '', '', 0, ''),
(218, 6, 18, 0, '', '', '', '', '', 0, ''),
(219, 6, 19, 0, '', '', '', '', '', 0, ''),
(220, 6, 20, 0, '', '', '', '', '', 0, ''),
(221, 6, 21, 0, '', '', '', '', '', 0, ''),
(222, 6, 22, 0, '', '', '', '', '', 0, ''),
(223, 6, 23, 0, '', '', '', '', '', 0, ''),
(224, 6, 24, 0, '', '', '', '', '', 0, ''),
(225, 6, 25, 0, '', '', '', '', '', 0, ''),
(226, 6, 26, 0, '', '', '', '', '', 0, ''),
(227, 6, 27, 0, '', '', '', '', '', 0, ''),
(228, 6, 28, 12, 'nahid hossain', '', '', '', '', 1, ''),
(229, 6, 29, 0, '', '', '', '', '', 0, ''),
(230, 6, 30, 0, '', '', '', '', '', 0, ''),
(231, 6, 31, 0, '', '', '', '', '', 0, ''),
(232, 6, 32, 0, '', '', '', '', '', 0, ''),
(233, 6, 33, 0, '', '', '', '', '', 0, ''),
(234, 6, 34, 0, '', '', '', '', '', 0, ''),
(235, 6, 35, 0, '', '', '', '', '', 0, ''),
(236, 6, 36, 0, '', '', '', '', '', 0, ''),
(237, 6, 37, 0, '', '', '', '', '', 0, ''),
(238, 6, 38, 0, '', '', '', '', '', 0, ''),
(239, 6, 39, 0, '', '', '', '', '', 0, ''),
(240, 6, 40, 0, '', '', '', '', '', 0, ''),
(241, 7, 1, 0, '', '', '', '', '', 0, ''),
(242, 7, 2, 12, 'nahid hossain', 'aaaaaaa', 'aaaaaaaaa', 'aaaaaa', 'fdhtjtj', 1, ''),
(243, 7, 3, 12, 'nahid hossain', 'aaaaaaa', 'aaaaaaaaa', 'aaaaaa', 'fdhtjtj', 1, ''),
(244, 7, 4, 12, 'nahid hossain', '', '', '', 'dsdsd', 1, ''),
(245, 7, 5, 0, '', '', '', '', '', 0, ''),
(246, 7, 6, 0, '', '', '', '', '', 0, ''),
(247, 7, 7, 0, '', '', '', '', '', 0, ''),
(248, 7, 8, 12, 'Rifayet Rifat', '01912751111', 'Dhaka', 'Rajshahi', '', 1, ''),
(249, 7, 9, 0, '', '', '', '', '', 0, ''),
(250, 7, 10, 0, '', '', '', '', '', 0, ''),
(251, 7, 11, 0, '', '', '', '', '', 0, ''),
(252, 7, 12, 0, '', '', '', '', '', 0, ''),
(253, 7, 13, 0, '', '', '', '', '', 0, ''),
(254, 7, 14, 0, '', '', '', '', '', 0, ''),
(255, 7, 15, 0, '', '', '', '', '', 0, ''),
(256, 7, 16, 0, '', '', '', '', '', 0, ''),
(257, 7, 17, 0, '', '', '', '', '', 0, ''),
(258, 7, 18, 0, '', '', '', '', '', 0, ''),
(259, 7, 19, 0, '', '', '', '', '', 0, ''),
(260, 7, 20, 0, '', '', '', '', '', 0, ''),
(261, 7, 21, 0, '', '', '', '', '', 0, ''),
(262, 7, 22, 0, '', '', '', '', '', 0, ''),
(263, 7, 23, 0, '', '', '', '', '', 0, ''),
(264, 7, 24, 0, '', '', '', '', '', 0, ''),
(265, 7, 25, 0, '', '', '', '', '', 0, ''),
(266, 7, 26, 0, '', '', '', '', '', 0, ''),
(267, 7, 27, 0, '', '', '', '', '', 0, ''),
(268, 7, 28, 0, '', '', '', '', '', 0, ''),
(269, 7, 29, 0, '', '', '', '', '', 0, ''),
(270, 7, 30, 0, '', '', '', '', '', 0, ''),
(271, 7, 31, 0, '', '', '', '', '', 0, ''),
(272, 7, 32, 0, '', '', '', '', '', 0, ''),
(273, 7, 33, 0, '', '', '', '', '', 0, ''),
(274, 7, 34, 0, '', '', '', '', '', 0, ''),
(275, 7, 35, 0, '', '', '', '', '', 0, ''),
(276, 7, 36, 0, '', '', '', '', '', 0, ''),
(277, 7, 37, 0, '', '', '', '', '', 0, ''),
(278, 7, 38, 0, '', '', '', '', '', 0, ''),
(279, 7, 39, 0, '', '', '', '', '', 0, ''),
(280, 7, 40, 0, '', '', '', '', '', 0, ''),
(281, 8, 1, 0, '', '', '', '', '', 0, ''),
(282, 8, 2, 0, '', '', '', '', '', 0, ''),
(283, 8, 3, 0, '', '', '', '', '', 0, ''),
(284, 8, 4, 0, '', '', '', '', '', 0, ''),
(285, 8, 5, 0, '', '', '', '', '', 0, ''),
(286, 8, 6, 0, '', '', '', '', '', 0, ''),
(287, 8, 7, 0, '', '', '', '', '', 0, ''),
(288, 8, 8, 0, '', '', '', '', '', 0, ''),
(289, 8, 9, 0, '', '', '', '', '', 0, ''),
(290, 8, 10, 0, '', '', '', '', '', 0, ''),
(291, 8, 11, 0, '', '', '', '', '', 0, ''),
(292, 8, 12, 0, '', '', '', '', '', 0, ''),
(293, 8, 13, 0, '', '', '', '', '', 0, ''),
(294, 8, 14, 0, '', '', '', '', '', 0, ''),
(295, 8, 15, 0, '', '', '', '', '', 0, ''),
(296, 8, 16, 0, '', '', '', '', '', 0, ''),
(297, 8, 17, 0, '', '', '', '', '', 0, ''),
(298, 8, 18, 0, '', '', '', '', '', 0, ''),
(299, 8, 19, 0, '', '', '', '', '', 0, ''),
(300, 8, 20, 0, '', '', '', '', '', 0, ''),
(301, 8, 21, 0, '', '', '', '', '', 0, ''),
(302, 8, 22, 0, '', '', '', '', '', 0, ''),
(303, 8, 23, 0, '', '', '', '', '', 0, ''),
(304, 8, 24, 0, '', '', '', '', '', 0, ''),
(305, 8, 25, 0, '', '', '', '', '', 0, ''),
(306, 8, 26, 0, '', '', '', '', '', 0, ''),
(307, 8, 27, 0, '', '', '', '', '', 0, ''),
(308, 8, 28, 0, '', '', '', '', '', 0, ''),
(309, 8, 29, 0, '', '', '', '', '', 0, ''),
(310, 8, 30, 0, '', '', '', '', '', 0, ''),
(311, 8, 31, 0, '', '', '', '', '', 0, ''),
(312, 8, 32, 0, '', '', '', '', '', 0, ''),
(313, 8, 33, 0, '', '', '', '', '', 0, ''),
(314, 8, 34, 0, '', '', '', '', '', 0, ''),
(315, 8, 35, 0, '', '', '', '', '', 0, ''),
(316, 8, 36, 0, '', '', '', '', '', 0, ''),
(317, 8, 37, 0, '', '', '', '', '', 0, ''),
(318, 8, 38, 0, '', '', '', '', '', 0, ''),
(319, 8, 39, 0, '', '', '', '', '', 0, ''),
(320, 8, 40, 0, '', '', '', '', '', 0, ''),
(321, 9, 1, 0, '', '', '', '', '', 0, ''),
(322, 9, 2, 0, '', '', '', '', '', 0, ''),
(323, 9, 3, 0, '', '', '', '', '', 0, ''),
(324, 9, 4, 0, '', '', '', '', '', 0, ''),
(325, 9, 5, 0, '', '', '', '', '', 0, ''),
(326, 9, 6, 0, '', '', '', '', '', 0, ''),
(327, 9, 7, 0, '', '', '', '', '', 0, ''),
(328, 9, 8, 0, '', '', '', '', '', 0, ''),
(329, 9, 9, 0, '', '', '', '', '', 0, ''),
(330, 9, 10, 0, '', '', '', '', '', 0, ''),
(331, 9, 11, 0, '', '', '', '', '', 0, ''),
(332, 9, 12, 0, '', '', '', '', '', 0, ''),
(333, 9, 13, 0, '', '', '', '', '', 0, ''),
(334, 9, 14, 0, '', '', '', '', '', 0, ''),
(335, 9, 15, 0, '', '', '', '', '', 0, ''),
(336, 9, 16, 0, '', '', '', '', '', 0, ''),
(337, 9, 17, 0, '', '', '', '', '', 0, ''),
(338, 9, 18, 0, '', '', '', '', '', 0, ''),
(339, 9, 19, 0, '', '', '', '', '', 0, ''),
(340, 9, 20, 0, '', '', '', '', '', 0, ''),
(341, 9, 21, 0, '', '', '', '', '', 0, ''),
(342, 9, 22, 0, '', '', '', '', '', 0, ''),
(343, 9, 23, 0, '', '', '', '', '', 0, ''),
(344, 9, 24, 0, '', '', '', '', '', 0, ''),
(345, 9, 25, 0, '', '', '', '', '', 0, ''),
(346, 9, 26, 0, '', '', '', '', '', 0, ''),
(347, 9, 27, 0, '', '', '', '', '', 0, ''),
(348, 9, 28, 0, '', '', '', '', '', 0, ''),
(349, 9, 29, 0, '', '', '', '', '', 0, ''),
(350, 9, 30, 0, '', '', '', '', '', 0, ''),
(351, 9, 31, 0, '', '', '', '', '', 0, ''),
(352, 9, 32, 0, '', '', '', '', '', 0, ''),
(353, 9, 33, 0, '', '', '', '', '', 0, ''),
(354, 9, 34, 0, '', '', '', '', '', 0, ''),
(355, 9, 35, 0, '', '', '', '', '', 0, ''),
(356, 9, 36, 0, '', '', '', '', '', 0, ''),
(357, 9, 37, 0, '', '', '', '', '', 0, ''),
(358, 9, 38, 0, '', '', '', '', '', 0, ''),
(359, 9, 39, 0, '', '', '', '', '', 0, ''),
(360, 9, 40, 0, '', '', '', '', '', 0, ''),
(361, 10, 1, 0, '', '', '', '', '', 0, ''),
(362, 10, 2, 0, '', '', '', '', '', 0, ''),
(363, 10, 3, 0, '', '', '', '', '', 0, ''),
(364, 10, 4, 0, '', '', '', '', '', 0, ''),
(365, 10, 5, 0, '', '', '', '', '', 0, ''),
(366, 10, 6, 0, '', '', '', '', '', 0, ''),
(367, 10, 7, 0, '', '', '', '', '', 0, ''),
(368, 10, 8, 0, '', '', '', '', '', 0, ''),
(369, 10, 9, 0, '', '', '', '', '', 0, ''),
(370, 10, 10, 0, '', '', '', '', '', 0, ''),
(371, 10, 11, 0, '', '', '', '', '', 0, ''),
(372, 10, 12, 0, '', '', '', '', '', 0, ''),
(373, 10, 13, 0, '', '', '', '', '', 0, ''),
(374, 10, 14, 0, '', '', '', '', '', 0, ''),
(375, 10, 15, 0, '', '', '', '', '', 0, ''),
(376, 10, 16, 0, '', '', '', '', '', 0, ''),
(377, 10, 17, 0, '', '', '', '', '', 0, ''),
(378, 10, 18, 0, '', '', '', '', '', 0, ''),
(379, 10, 19, 0, '', '', '', '', '', 0, ''),
(380, 10, 20, 0, '', '', '', '', '', 0, ''),
(381, 10, 21, 0, '', '', '', '', '', 0, ''),
(382, 10, 22, 0, '', '', '', '', '', 0, ''),
(383, 10, 23, 0, '', '', '', '', '', 0, ''),
(384, 10, 24, 0, '', '', '', '', '', 0, ''),
(385, 10, 25, 0, '', '', '', '', '', 0, ''),
(386, 10, 26, 0, '', '', '', '', '', 0, ''),
(387, 10, 27, 0, '', '', '', '', '', 0, ''),
(388, 10, 28, 0, '', '', '', '', '', 0, ''),
(389, 10, 29, 0, '', '', '', '', '', 0, ''),
(390, 10, 30, 0, '', '', '', '', '', 0, ''),
(391, 10, 31, 0, '', '', '', '', '', 0, ''),
(392, 10, 32, 0, '', '', '', '', '', 0, ''),
(393, 10, 33, 0, '', '', '', '', '', 0, ''),
(394, 10, 34, 0, '', '', '', '', '', 0, ''),
(395, 10, 35, 0, '', '', '', '', '', 0, ''),
(396, 10, 36, 0, '', '', '', '', '', 0, ''),
(397, 10, 37, 0, '', '', '', '', '', 0, ''),
(398, 10, 38, 0, '', '', '', '', '', 0, ''),
(399, 10, 39, 0, '', '', '', '', '', 0, ''),
(400, 10, 40, 0, '', '', '', '', '', 0, ''),
(401, 11, 1, 0, '', '', '', '', '', 0, ''),
(402, 11, 2, 0, '', '', '', '', '', 0, ''),
(403, 11, 3, 0, '', '', '', '', '', 0, ''),
(404, 11, 4, 0, '', '', '', '', '', 0, ''),
(405, 11, 5, 0, '', '', '', '', '', 0, ''),
(406, 11, 6, 0, '', '', '', '', '', 0, ''),
(407, 11, 7, 0, '', '', '', '', '', 0, ''),
(408, 11, 8, 0, '', '', '', '', '', 0, ''),
(409, 11, 9, 0, '', '', '', '', '', 0, ''),
(410, 11, 10, 0, '', '', '', '', '', 0, ''),
(411, 11, 11, 0, '', '', '', '', '', 0, ''),
(412, 11, 12, 0, '', '', '', '', '', 0, ''),
(413, 11, 13, 0, '', '', '', '', '', 0, ''),
(414, 11, 14, 0, '', '', '', '', '', 0, ''),
(415, 11, 15, 0, '', '', '', '', '', 0, ''),
(416, 11, 16, 0, '', '', '', '', '', 0, ''),
(417, 11, 17, 0, '', '', '', '', '', 0, ''),
(418, 11, 18, 0, '', '', '', '', '', 0, ''),
(419, 11, 19, 0, '', '', '', '', '', 0, ''),
(420, 11, 20, 0, '', '', '', '', '', 0, ''),
(421, 11, 21, 0, '', '', '', '', '', 0, ''),
(422, 11, 22, 0, '', '', '', '', '', 0, ''),
(423, 11, 23, 0, '', '', '', '', '', 0, ''),
(424, 11, 24, 0, '', '', '', '', '', 0, ''),
(425, 11, 25, 0, '', '', '', '', '', 0, ''),
(426, 11, 26, 0, '', '', '', '', '', 0, ''),
(427, 11, 27, 0, '', '', '', '', '', 0, ''),
(428, 11, 28, 0, '', '', '', '', '', 0, ''),
(429, 11, 29, 0, '', '', '', '', '', 0, ''),
(430, 11, 30, 0, '', '', '', '', '', 0, ''),
(431, 11, 31, 0, '', '', '', '', '', 0, ''),
(432, 11, 32, 0, '', '', '', '', '', 0, ''),
(433, 11, 33, 0, '', '', '', '', '', 0, ''),
(434, 11, 34, 0, '', '', '', '', '', 0, ''),
(435, 11, 35, 0, '', '', '', '', '', 0, ''),
(436, 11, 36, 0, '', '', '', '', '', 0, ''),
(437, 11, 37, 0, '', '', '', '', '', 0, ''),
(438, 11, 38, 0, '', '', '', '', '', 0, ''),
(439, 11, 39, 0, '', '', '', '', '', 0, ''),
(440, 11, 40, 0, '', '', '', '', '', 0, ''),
(441, 12, 1, 0, '', '', '', '', '', 0, ''),
(442, 12, 2, 0, '', '', '', '', '', 0, ''),
(443, 12, 3, 0, '', '', '', '', '', 0, ''),
(444, 12, 4, 0, '', '', '', '', '', 0, ''),
(445, 12, 5, 0, '', '', '', '', '', 0, ''),
(446, 12, 6, 0, '', '', '', '', '', 0, ''),
(447, 12, 7, 0, '', '', '', '', '', 0, ''),
(448, 12, 8, 0, '', '', '', '', '', 0, ''),
(449, 12, 9, 0, '', '', '', '', '', 0, ''),
(450, 12, 10, 0, '', '', '', '', '', 0, ''),
(451, 12, 11, 0, '', '', '', '', '', 0, ''),
(452, 12, 12, 0, '', '', '', '', '', 0, ''),
(453, 12, 13, 0, '', '', '', '', '', 0, ''),
(454, 12, 14, 0, '', '', '', '', '', 0, ''),
(455, 12, 15, 0, '', '', '', '', '', 0, ''),
(456, 12, 16, 0, '', '', '', '', '', 0, ''),
(457, 12, 17, 0, '', '', '', '', '', 0, ''),
(458, 12, 18, 0, '', '', '', '', '', 0, ''),
(459, 12, 19, 0, '', '', '', '', '', 0, ''),
(460, 12, 20, 0, '', '', '', '', '', 0, ''),
(461, 12, 21, 0, '', '', '', '', '', 0, ''),
(462, 12, 22, 0, '', '', '', '', '', 0, ''),
(463, 12, 23, 0, '', '', '', '', '', 0, ''),
(464, 12, 24, 0, '', '', '', '', '', 0, ''),
(465, 12, 25, 0, '', '', '', '', '', 0, ''),
(466, 12, 26, 0, '', '', '', '', '', 0, ''),
(467, 12, 27, 0, '', '', '', '', '', 0, ''),
(468, 12, 28, 0, '', '', '', '', '', 0, ''),
(469, 12, 29, 0, '', '', '', '', '', 0, ''),
(470, 12, 30, 0, '', '', '', '', '', 0, ''),
(471, 12, 31, 0, '', '', '', '', '', 0, ''),
(472, 12, 32, 0, '', '', '', '', '', 0, ''),
(473, 12, 33, 0, '', '', '', '', '', 0, ''),
(474, 12, 34, 0, '', '', '', '', '', 0, ''),
(475, 12, 35, 0, '', '', '', '', '', 0, ''),
(476, 12, 36, 0, '', '', '', '', '', 0, ''),
(477, 12, 37, 0, '', '', '', '', '', 0, ''),
(478, 12, 38, 0, '', '', '', '', '', 0, ''),
(479, 12, 39, 0, '', '', '', '', '', 0, ''),
(480, 12, 40, 0, '', '', '', '', '', 0, ''),
(481, 13, 1, 0, '', '', '', '', '', 0, ''),
(482, 13, 2, 0, '', '', '', '', '', 0, ''),
(483, 13, 3, 0, '', '', '', '', '', 0, ''),
(484, 13, 4, 0, '', '', '', '', '', 0, ''),
(485, 13, 5, 0, '', '', '', '', '', 0, ''),
(486, 13, 6, 0, '', '', '', '', '', 0, ''),
(487, 13, 7, 0, '', '', '', '', '', 0, ''),
(488, 13, 8, 0, '', '', '', '', '', 0, ''),
(489, 13, 9, 0, '', '', '', '', '', 0, ''),
(490, 13, 10, 0, '', '', '', '', '', 0, ''),
(491, 13, 11, 0, '', '', '', '', '', 0, ''),
(492, 13, 12, 0, '', '', '', '', '', 0, ''),
(493, 13, 13, 0, '', '', '', '', '', 0, ''),
(494, 13, 14, 0, '', '', '', '', '', 0, ''),
(495, 13, 15, 0, '', '', '', '', '', 0, ''),
(496, 13, 16, 0, '', '', '', '', '', 0, ''),
(497, 13, 17, 0, '', '', '', '', '', 0, ''),
(498, 13, 18, 0, '', '', '', '', '', 0, ''),
(499, 13, 19, 0, '', '', '', '', '', 0, ''),
(500, 13, 20, 0, '', '', '', '', '', 0, ''),
(501, 13, 21, 0, '', '', '', '', '', 0, ''),
(502, 13, 22, 0, '', '', '', '', '', 0, ''),
(503, 13, 23, 0, '', '', '', '', '', 0, ''),
(504, 13, 24, 0, '', '', '', '', '', 0, ''),
(505, 13, 25, 0, '', '', '', '', '', 0, ''),
(506, 13, 26, 0, '', '', '', '', '', 0, ''),
(507, 13, 27, 0, '', '', '', '', '', 0, ''),
(508, 13, 28, 0, '', '', '', '', '', 0, ''),
(509, 13, 29, 0, '', '', '', '', '', 0, ''),
(510, 13, 30, 0, '', '', '', '', '', 0, ''),
(511, 13, 31, 0, '', '', '', '', '', 0, ''),
(512, 13, 32, 0, '', '', '', '', '', 0, ''),
(513, 13, 33, 0, '', '', '', '', '', 0, ''),
(514, 13, 34, 0, '', '', '', '', '', 0, ''),
(515, 13, 35, 0, '', '', '', '', '', 0, ''),
(516, 13, 36, 0, '', '', '', '', '', 0, ''),
(517, 13, 37, 0, '', '', '', '', '', 0, ''),
(518, 13, 38, 0, '', '', '', '', '', 0, ''),
(519, 13, 39, 0, '', '', '', '', '', 0, ''),
(520, 13, 40, 0, '', '', '', '', '', 0, ''),
(521, 14, 1, 0, '', '', '', '', '', 0, ''),
(522, 14, 2, 0, '', '', '', '', '', 0, ''),
(523, 14, 3, 0, '', '', '', '', '', 0, ''),
(524, 14, 4, 0, '', '', '', '', '', 0, ''),
(525, 14, 5, 0, '', '', '', '', '', 0, ''),
(526, 14, 6, 0, '', '', '', '', '', 0, ''),
(527, 14, 7, 0, '', '', '', '', '', 0, ''),
(528, 14, 8, 0, '', '', '', '', '', 0, ''),
(529, 14, 9, 0, '', '', '', '', '', 0, ''),
(530, 14, 10, 0, '', '', '', '', '', 0, ''),
(531, 14, 11, 0, '', '', '', '', '', 0, ''),
(532, 14, 12, 0, '', '', '', '', '', 0, ''),
(533, 14, 13, 0, '', '', '', '', '', 0, ''),
(534, 14, 14, 0, '', '', '', '', '', 0, ''),
(535, 14, 15, 0, '', '', '', '', '', 0, ''),
(536, 14, 16, 0, '', '', '', '', '', 0, ''),
(537, 14, 17, 0, '', '', '', '', '', 0, ''),
(538, 14, 18, 0, '', '', '', '', '', 0, ''),
(539, 14, 19, 0, '', '', '', '', '', 0, ''),
(540, 14, 20, 0, '', '', '', '', '', 0, ''),
(541, 14, 21, 0, '', '', '', '', '', 0, ''),
(542, 14, 22, 0, '', '', '', '', '', 0, ''),
(543, 14, 23, 0, '', '', '', '', '', 0, ''),
(544, 14, 24, 0, '', '', '', '', '', 0, ''),
(545, 14, 25, 0, '', '', '', '', '', 0, ''),
(546, 14, 26, 0, '', '', '', '', '', 0, ''),
(547, 14, 27, 0, '', '', '', '', '', 0, ''),
(548, 14, 28, 0, '', '', '', '', '', 0, ''),
(549, 14, 29, 0, '', '', '', '', '', 0, ''),
(550, 14, 30, 0, '', '', '', '', '', 0, ''),
(551, 14, 31, 0, '', '', '', '', '', 0, ''),
(552, 14, 32, 0, '', '', '', '', '', 0, ''),
(553, 14, 33, 0, '', '', '', '', '', 0, ''),
(554, 14, 34, 0, '', '', '', '', '', 0, ''),
(555, 14, 35, 0, '', '', '', '', '', 0, ''),
(556, 14, 36, 0, '', '', '', '', '', 0, ''),
(557, 14, 37, 0, '', '', '', '', '', 0, ''),
(558, 14, 38, 0, '', '', '', '', '', 0, ''),
(559, 14, 39, 0, '', '', '', '', '', 0, ''),
(560, 14, 40, 0, '', '', '', '', '', 0, ''),
(561, 15, 1, 0, '', '', '', '', '', 0, ''),
(562, 15, 2, 0, '', '', '', '', '', 0, ''),
(563, 15, 3, 0, '', '', '', '', '', 0, ''),
(564, 15, 4, 0, '', '', '', '', '', 0, ''),
(565, 15, 5, 0, '', '', '', '', '', 0, ''),
(566, 15, 6, 0, '', '', '', '', '', 0, ''),
(567, 15, 7, 0, '', '', '', '', '', 0, ''),
(568, 15, 8, 0, '', '', '', '', '', 0, ''),
(569, 15, 9, 0, '', '', '', '', '', 0, ''),
(570, 15, 10, 0, '', '', '', '', '', 0, ''),
(571, 15, 11, 0, '', '', '', '', '', 0, ''),
(572, 15, 12, 0, '', '', '', '', '', 0, ''),
(573, 15, 13, 0, '', '', '', '', '', 0, ''),
(574, 15, 14, 0, '', '', '', '', '', 0, ''),
(575, 15, 15, 0, '', '', '', '', '', 0, ''),
(576, 15, 16, 0, '', '', '', '', '', 0, ''),
(577, 15, 17, 0, '', '', '', '', '', 0, ''),
(578, 15, 18, 0, '', '', '', '', '', 0, ''),
(579, 15, 19, 0, '', '', '', '', '', 0, ''),
(580, 15, 20, 0, '', '', '', '', '', 0, ''),
(581, 15, 21, 0, '', '', '', '', '', 0, ''),
(582, 15, 22, 0, '', '', '', '', '', 0, ''),
(583, 15, 23, 0, '', '', '', '', '', 0, ''),
(584, 15, 24, 0, '', '', '', '', '', 0, ''),
(585, 15, 25, 0, '', '', '', '', '', 0, ''),
(586, 15, 26, 0, '', '', '', '', '', 0, ''),
(587, 15, 27, 0, '', '', '', '', '', 0, ''),
(588, 15, 28, 0, '', '', '', '', '', 0, ''),
(589, 15, 29, 0, '', '', '', '', '', 0, ''),
(590, 15, 30, 0, '', '', '', '', '', 0, ''),
(591, 15, 31, 0, '', '', '', '', '', 0, ''),
(592, 15, 32, 0, '', '', '', '', '', 0, ''),
(593, 15, 33, 0, '', '', '', '', '', 0, ''),
(594, 15, 34, 0, '', '', '', '', '', 0, ''),
(595, 15, 35, 0, '', '', '', '', '', 0, ''),
(596, 15, 36, 0, '', '', '', '', '', 0, ''),
(597, 15, 37, 0, '', '', '', '', '', 0, ''),
(598, 15, 38, 0, '', '', '', '', '', 0, ''),
(599, 15, 39, 0, '', '', '', '', '', 0, ''),
(600, 15, 40, 0, '', '', '', '', '', 0, ''),
(601, 16, 1, 0, '', '', '', '', '', 0, ''),
(602, 16, 2, 0, '', '', '', '', '', 0, ''),
(603, 16, 3, 0, '', '', '', '', '', 0, ''),
(604, 16, 4, 0, '', '', '', '', '', 0, ''),
(605, 16, 5, 0, '', '', '', '', '', 0, ''),
(606, 16, 6, 0, '', '', '', '', '', 0, ''),
(607, 16, 7, 0, '', '', '', '', '', 0, ''),
(608, 16, 8, 0, '', '', '', '', '', 0, ''),
(609, 16, 9, 0, '', '', '', '', '', 0, ''),
(610, 16, 10, 0, '', '', '', '', '', 0, ''),
(611, 16, 11, 0, '', '', '', '', '', 0, ''),
(612, 16, 12, 0, '', '', '', '', '', 0, ''),
(613, 16, 13, 0, '', '', '', '', '', 0, ''),
(614, 16, 14, 0, '', '', '', '', '', 0, ''),
(615, 16, 15, 0, '', '', '', '', '', 0, ''),
(616, 16, 16, 0, '', '', '', '', '', 0, ''),
(617, 16, 17, 0, '', '', '', '', '', 0, ''),
(618, 16, 18, 0, '', '', '', '', '', 0, ''),
(619, 16, 19, 0, '', '', '', '', '', 0, ''),
(620, 16, 20, 0, '', '', '', '', '', 0, ''),
(621, 16, 21, 0, '', '', '', '', '', 0, ''),
(622, 16, 22, 0, '', '', '', '', '', 0, ''),
(623, 16, 23, 0, '', '', '', '', '', 0, ''),
(624, 16, 24, 0, '', '', '', '', '', 0, ''),
(625, 16, 25, 0, '', '', '', '', '', 0, ''),
(626, 16, 26, 0, '', '', '', '', '', 0, ''),
(627, 16, 27, 0, '', '', '', '', '', 0, ''),
(628, 16, 28, 0, '', '', '', '', '', 0, ''),
(629, 16, 29, 0, '', '', '', '', '', 0, ''),
(630, 16, 30, 0, '', '', '', '', '', 0, ''),
(631, 16, 31, 0, '', '', '', '', '', 0, ''),
(632, 16, 32, 0, '', '', '', '', '', 0, ''),
(633, 16, 33, 0, '', '', '', '', '', 0, ''),
(634, 16, 34, 0, '', '', '', '', '', 0, ''),
(635, 16, 35, 0, '', '', '', '', '', 0, ''),
(636, 16, 36, 0, '', '', '', '', '', 0, ''),
(637, 16, 37, 0, '', '', '', '', '', 0, ''),
(638, 16, 38, 0, '', '', '', '', '', 0, ''),
(639, 16, 39, 0, '', '', '', '', '', 0, ''),
(640, 16, 40, 0, '', '', '', '', '', 0, ''),
(641, 17, 1, 0, '', '', '', '', '', 0, ''),
(642, 17, 2, 0, '', '', '', '', '', 0, ''),
(643, 17, 3, 0, '', '', '', '', '', 0, ''),
(644, 17, 4, 0, '', '', '', '', '', 0, ''),
(645, 17, 5, 0, '', '', '', '', '', 0, ''),
(646, 17, 6, 0, '', '', '', '', '', 0, ''),
(647, 17, 7, 0, '', '', '', '', '', 0, ''),
(648, 17, 8, 0, '', '', '', '', '', 0, ''),
(649, 17, 9, 0, '', '', '', '', '', 0, ''),
(650, 17, 10, 0, '', '', '', '', '', 0, ''),
(651, 17, 11, 0, '', '', '', '', '', 0, ''),
(652, 17, 12, 0, '', '', '', '', '', 0, ''),
(653, 17, 13, 0, '', '', '', '', '', 0, ''),
(654, 17, 14, 0, '', '', '', '', '', 0, ''),
(655, 17, 15, 0, '', '', '', '', '', 0, ''),
(656, 17, 16, 0, '', '', '', '', '', 0, ''),
(657, 17, 17, 0, '', '', '', '', '', 0, ''),
(658, 17, 18, 0, '', '', '', '', '', 0, ''),
(659, 17, 19, 0, '', '', '', '', '', 0, ''),
(660, 17, 20, 0, '', '', '', '', '', 0, ''),
(661, 17, 21, 0, '', '', '', '', '', 0, ''),
(662, 17, 22, 0, '', '', '', '', '', 0, ''),
(663, 17, 23, 0, '', '', '', '', '', 0, ''),
(664, 17, 24, 0, '', '', '', '', '', 0, ''),
(665, 17, 25, 0, '', '', '', '', '', 0, ''),
(666, 17, 26, 0, '', '', '', '', '', 0, ''),
(667, 17, 27, 0, '', '', '', '', '', 0, ''),
(668, 17, 28, 0, '', '', '', '', '', 0, ''),
(669, 17, 29, 0, '', '', '', '', '', 0, ''),
(670, 17, 30, 0, '', '', '', '', '', 0, ''),
(671, 17, 31, 0, '', '', '', '', '', 0, ''),
(672, 17, 32, 0, '', '', '', '', '', 0, ''),
(673, 17, 33, 0, '', '', '', '', '', 0, ''),
(674, 17, 34, 0, '', '', '', '', '', 0, ''),
(675, 17, 35, 0, '', '', '', '', '', 0, ''),
(676, 17, 36, 0, '', '', '', '', '', 0, ''),
(677, 17, 37, 0, '', '', '', '', '', 0, ''),
(678, 17, 38, 0, '', '', '', '', '', 0, ''),
(679, 17, 39, 0, '', '', '', '', '', 0, ''),
(680, 17, 40, 0, '', '', '', '', '', 0, ''),
(681, 18, 1, 0, '', '', '', '', '', 0, ''),
(682, 18, 2, 0, '', '', '', '', '', 0, ''),
(683, 18, 3, 0, '', '', '', '', '', 0, ''),
(684, 18, 4, 0, '', '', '', '', '', 0, ''),
(685, 18, 5, 0, '', '', '', '', '', 0, ''),
(686, 18, 6, 0, '', '', '', '', '', 0, ''),
(687, 18, 7, 0, '', '', '', '', '', 0, ''),
(688, 18, 8, 0, '', '', '', '', '', 0, ''),
(689, 18, 9, 0, '', '', '', '', '', 0, ''),
(690, 18, 10, 0, '', '', '', '', '', 0, ''),
(691, 18, 11, 0, '', '', '', '', '', 0, ''),
(692, 18, 12, 0, '', '', '', '', '', 0, ''),
(693, 18, 13, 0, '', '', '', '', '', 0, ''),
(694, 18, 14, 0, '', '', '', '', '', 0, ''),
(695, 18, 15, 0, '', '', '', '', '', 0, ''),
(696, 18, 16, 0, '', '', '', '', '', 0, ''),
(697, 18, 17, 0, '', '', '', '', '', 0, ''),
(698, 18, 18, 0, '', '', '', '', '', 0, ''),
(699, 18, 19, 0, '', '', '', '', '', 0, ''),
(700, 18, 20, 0, '', '', '', '', '', 0, ''),
(701, 18, 21, 0, '', '', '', '', '', 0, ''),
(702, 18, 22, 0, '', '', '', '', '', 0, ''),
(703, 18, 23, 0, '', '', '', '', '', 0, ''),
(704, 18, 24, 0, '', '', '', '', '', 0, ''),
(705, 18, 25, 0, '', '', '', '', '', 0, ''),
(706, 18, 26, 0, '', '', '', '', '', 0, ''),
(707, 18, 27, 0, '', '', '', '', '', 0, ''),
(708, 18, 28, 0, '', '', '', '', '', 0, ''),
(709, 18, 29, 0, '', '', '', '', '', 0, ''),
(710, 18, 30, 0, '', '', '', '', '', 0, ''),
(711, 18, 31, 0, '', '', '', '', '', 0, ''),
(712, 18, 32, 0, '', '', '', '', '', 0, ''),
(713, 18, 33, 0, '', '', '', '', '', 0, ''),
(714, 18, 34, 0, '', '', '', '', '', 0, ''),
(715, 18, 35, 0, '', '', '', '', '', 0, ''),
(716, 18, 36, 0, '', '', '', '', '', 0, ''),
(717, 18, 37, 0, '', '', '', '', '', 0, ''),
(718, 18, 38, 0, '', '', '', '', '', 0, ''),
(719, 18, 39, 0, '', '', '', '', '', 0, ''),
(720, 18, 40, 0, '', '', '', '', '', 0, ''),
(721, 19, 1, 0, '', '', '', '', '', 0, ''),
(722, 19, 2, 0, '', '', '', '', '', 0, ''),
(723, 19, 3, 0, '', '', '', '', '', 0, ''),
(724, 19, 4, 12, 'nahid hossain', '', '', '', '', 1, ''),
(725, 19, 5, 0, '', '', '', '', '', 0, ''),
(726, 19, 6, 0, '', '', '', '', '', 0, ''),
(727, 19, 7, 0, '', '', '', '', '', 0, ''),
(728, 19, 8, 0, '', '', '', '', '', 0, ''),
(729, 19, 9, 0, '', '', '', '', '', 0, ''),
(730, 19, 10, 0, '', '', '', '', '', 0, ''),
(731, 19, 11, 0, '', '', '', '', '', 0, ''),
(732, 19, 12, 0, '', '', '', '', '', 0, ''),
(733, 19, 13, 0, '', '', '', '', '', 0, ''),
(734, 19, 14, 0, '', '', '', '', '', 0, ''),
(735, 19, 15, 0, '', '', '', '', '', 0, ''),
(736, 19, 16, 0, '', '', '', '', '', 0, ''),
(737, 19, 17, 0, '', '', '', '', '', 0, ''),
(738, 19, 18, 0, '', '', '', '', '', 0, ''),
(739, 19, 19, 0, '', '', '', '', '', 0, ''),
(740, 19, 20, 0, '', '', '', '', '', 0, ''),
(741, 19, 21, 0, '', '', '', '', '', 0, ''),
(742, 19, 22, 0, '', '', '', '', '', 0, ''),
(743, 19, 23, 0, '', '', '', '', '', 0, ''),
(744, 19, 24, 0, '', '', '', '', '', 0, ''),
(745, 19, 25, 0, '', '', '', '', '', 0, ''),
(746, 19, 26, 0, '', '', '', '', '', 0, ''),
(747, 19, 27, 0, '', '', '', '', '', 0, ''),
(748, 19, 28, 0, '', '', '', '', '', 0, ''),
(749, 19, 29, 0, '', '', '', '', '', 0, ''),
(750, 19, 30, 0, '', '', '', '', '', 0, ''),
(751, 19, 31, 0, '', '', '', '', '', 0, ''),
(752, 19, 32, 0, '', '', '', '', '', 0, ''),
(753, 19, 33, 0, '', '', '', '', '', 0, ''),
(754, 19, 34, 0, '', '', '', '', '', 0, ''),
(755, 19, 35, 0, '', '', '', '', '', 0, ''),
(756, 19, 36, 0, '', '', '', '', '', 0, ''),
(757, 19, 37, 0, '', '', '', '', '', 0, ''),
(758, 19, 38, 0, '', '', '', '', '', 0, ''),
(759, 19, 39, 0, '', '', '', '', '', 0, ''),
(760, 19, 40, 0, '', '', '', '', '', 0, ''),
(761, 20, 1, 0, '', '', '', '', '', 0, ''),
(762, 20, 2, 0, '', '', '', '', '', 0, ''),
(763, 20, 3, 0, '', '', '', '', '', 0, ''),
(764, 20, 4, 0, '', '', '', '', '', 0, ''),
(765, 20, 5, 0, '', '', '', '', '', 0, ''),
(766, 20, 6, 0, '', '', '', '', '', 0, ''),
(767, 20, 7, 0, '', '', '', '', '', 0, ''),
(768, 20, 8, 0, '', '', '', '', '', 0, ''),
(769, 20, 9, 0, '', '', '', '', '', 0, ''),
(770, 20, 10, 0, '', '', '', '', '', 0, ''),
(771, 20, 11, 0, '', '', '', '', '', 0, ''),
(772, 20, 12, 0, '', '', '', '', '', 0, ''),
(773, 20, 13, 0, '', '', '', '', '', 0, ''),
(774, 20, 14, 0, '', '', '', '', '', 0, ''),
(775, 20, 15, 0, '', '', '', '', '', 0, ''),
(776, 20, 16, 0, '', '', '', '', '', 0, ''),
(777, 20, 17, 0, '', '', '', '', '', 0, ''),
(778, 20, 18, 0, '', '', '', '', '', 0, ''),
(779, 20, 19, 0, '', '', '', '', '', 0, ''),
(780, 20, 20, 0, '', '', '', '', '', 0, ''),
(781, 20, 21, 0, '', '', '', '', '', 0, ''),
(782, 20, 22, 0, '', '', '', '', '', 0, ''),
(783, 20, 23, 0, '', '', '', '', '', 0, ''),
(784, 20, 24, 0, '', '', '', '', '', 0, ''),
(785, 20, 25, 0, '', '', '', '', '', 0, ''),
(786, 20, 26, 0, '', '', '', '', '', 0, ''),
(787, 20, 27, 0, '', '', '', '', '', 0, ''),
(788, 20, 28, 0, '', '', '', '', '', 0, ''),
(789, 20, 29, 0, '', '', '', '', '', 0, ''),
(790, 20, 30, 0, '', '', '', '', '', 0, ''),
(791, 20, 31, 0, '', '', '', '', '', 0, ''),
(792, 20, 32, 0, '', '', '', '', '', 0, ''),
(793, 20, 33, 0, '', '', '', '', '', 0, ''),
(794, 20, 34, 0, '', '', '', '', '', 0, ''),
(795, 20, 35, 0, '', '', '', '', '', 0, ''),
(796, 20, 36, 0, '', '', '', '', '', 0, ''),
(797, 20, 37, 0, '', '', '', '', '', 0, ''),
(798, 20, 38, 0, '', '', '', '', '', 0, ''),
(799, 20, 39, 0, '', '', '', '', '', 0, ''),
(800, 20, 40, 0, '', '', '', '', '', 0, ''),
(801, 21, 1, 0, '', '', '', '', '', 0, ''),
(802, 21, 2, 0, '', '', '', '', '', 0, ''),
(803, 21, 3, 0, '', '', '', '', '', 0, ''),
(804, 21, 4, 0, '', '', '', '', '', 0, ''),
(805, 21, 5, 0, '', '', '', '', '', 0, ''),
(806, 21, 6, 0, '', '', '', '', '', 0, ''),
(807, 21, 7, 0, '', '', '', '', '', 0, ''),
(808, 21, 8, 0, '', '', '', '', '', 0, ''),
(809, 21, 9, 0, '', '', '', '', '', 0, ''),
(810, 21, 10, 0, '', '', '', '', '', 0, ''),
(811, 21, 11, 0, '', '', '', '', '', 0, ''),
(812, 21, 12, 0, '', '', '', '', '', 0, ''),
(813, 21, 13, 0, '', '', '', '', '', 0, ''),
(814, 21, 14, 0, '', '', '', '', '', 0, ''),
(815, 21, 15, 0, '', '', '', '', '', 0, ''),
(816, 21, 16, 0, '', '', '', '', '', 0, ''),
(817, 21, 17, 0, '', '', '', '', '', 0, ''),
(818, 21, 18, 0, '', '', '', '', '', 0, ''),
(819, 21, 19, 0, '', '', '', '', '', 0, ''),
(820, 21, 20, 0, '', '', '', '', '', 0, ''),
(821, 21, 21, 0, '', '', '', '', '', 0, ''),
(822, 21, 22, 0, '', '', '', '', '', 0, ''),
(823, 21, 23, 0, '', '', '', '', '', 0, ''),
(824, 21, 24, 0, '', '', '', '', '', 0, ''),
(825, 21, 25, 0, '', '', '', '', '', 0, ''),
(826, 21, 26, 0, '', '', '', '', '', 0, ''),
(827, 21, 27, 0, '', '', '', '', '', 0, ''),
(828, 21, 28, 0, '', '', '', '', '', 0, ''),
(829, 21, 29, 0, '', '', '', '', '', 0, ''),
(830, 21, 30, 0, '', '', '', '', '', 0, ''),
(831, 21, 31, 0, '', '', '', '', '', 0, ''),
(832, 21, 32, 0, '', '', '', '', '', 0, ''),
(833, 21, 33, 0, '', '', '', '', '', 0, ''),
(834, 21, 34, 0, '', '', '', '', '', 0, ''),
(835, 21, 35, 0, '', '', '', '', '', 0, ''),
(836, 21, 36, 0, '', '', '', '', '', 0, ''),
(837, 21, 37, 0, '', '', '', '', '', 0, ''),
(838, 21, 38, 0, '', '', '', '', '', 0, ''),
(839, 21, 39, 0, '', '', '', '', '', 0, ''),
(840, 21, 40, 0, '', '', '', '', '', 0, ''),
(845, 22, 1, 0, '', '', '', '', '', 0, ''),
(846, 22, 2, 0, '', '', '', '', '', 0, ''),
(847, 22, 3, 0, '', '', '', '', '', 0, ''),
(848, 22, 4, 0, '', '', '', '', '', 0, ''),
(849, 22, 5, 0, '', '', '', '', '', 0, ''),
(850, 22, 6, 0, '', '', '', '', '', 0, ''),
(851, 22, 7, 0, '', '', '', '', '', 0, ''),
(852, 22, 8, 0, '', '', '', '', '', 0, ''),
(853, 22, 9, 0, '', '', '', '', '', 0, ''),
(854, 22, 10, 0, '', '', '', '', '', 0, ''),
(855, 22, 11, 0, '', '', '', '', '', 0, ''),
(856, 22, 12, 0, '', '', '', '', '', 0, ''),
(857, 22, 13, 0, '', '', '', '', '', 0, ''),
(858, 22, 14, 0, '', '', '', '', '', 0, ''),
(859, 22, 15, 0, '', '', '', '', '', 0, ''),
(860, 22, 16, 0, '', '', '', '', '', 0, ''),
(861, 22, 17, 0, '', '', '', '', '', 0, ''),
(862, 22, 18, 0, '', '', '', '', '', 0, ''),
(863, 22, 19, 0, '', '', '', '', '', 0, ''),
(864, 22, 20, 0, '', '', '', '', '', 0, ''),
(865, 22, 21, 0, '', '', '', '', '', 0, ''),
(866, 22, 22, 0, '', '', '', '', '', 0, ''),
(867, 22, 23, 0, '', '', '', '', '', 0, ''),
(868, 22, 24, 0, '', '', '', '', '', 0, ''),
(869, 22, 25, 0, '', '', '', '', '', 0, ''),
(870, 22, 26, 0, '', '', '', '', '', 0, ''),
(871, 22, 27, 0, '', '', '', '', '', 0, ''),
(872, 22, 28, 0, '', '', '', '', '', 0, ''),
(873, 22, 29, 0, '', '', '', '', '', 0, ''),
(874, 22, 30, 0, '', '', '', '', '', 0, ''),
(875, 22, 31, 0, '', '', '', '', '', 0, ''),
(876, 22, 32, 0, '', '', '', '', '', 0, ''),
(877, 22, 33, 0, '', '', '', '', '', 0, ''),
(878, 22, 34, 0, '', '', '', '', '', 0, ''),
(879, 22, 35, 0, '', '', '', '', '', 0, ''),
(880, 22, 36, 0, '', '', '', '', '', 0, ''),
(881, 22, 37, 0, '', '', '', '', '', 0, ''),
(882, 22, 38, 0, '', '', '', '', '', 0, ''),
(883, 22, 39, 0, '', '', '', '', '', 0, ''),
(884, 22, 40, 0, '', '', '', '', '', 0, ''),
(885, 23, 1, 0, '', '', '', '', '', 0, ''),
(886, 23, 2, 0, '', '', '', '', '', 0, ''),
(887, 23, 3, 0, '', '', '', '', '', 0, ''),
(888, 23, 4, 0, '', '', '', '', '', 0, ''),
(889, 23, 5, 0, '', '', '', '', '', 0, ''),
(890, 23, 6, 0, '', '', '', '', '', 0, ''),
(891, 23, 7, 0, '', '', '', '', '', 0, ''),
(892, 23, 8, 0, '', '', '', '', '', 0, ''),
(893, 23, 9, 0, '', '', '', '', '', 0, ''),
(894, 23, 10, 0, '', '', '', '', '', 0, ''),
(895, 23, 11, 0, '', '', '', '', '', 0, ''),
(896, 23, 12, 0, '', '', '', '', '', 0, ''),
(897, 23, 13, 0, '', '', '', '', '', 0, ''),
(898, 23, 14, 0, '', '', '', '', '', 0, ''),
(899, 23, 15, 0, '', '', '', '', '', 0, ''),
(900, 23, 16, 0, '', '', '', '', '', 0, ''),
(901, 23, 17, 0, '', '', '', '', '', 0, ''),
(902, 23, 18, 0, '', '', '', '', '', 0, ''),
(903, 23, 19, 0, '', '', '', '', '', 0, ''),
(904, 23, 20, 0, '', '', '', '', '', 0, ''),
(905, 23, 21, 0, '', '', '', '', '', 0, ''),
(906, 23, 22, 0, '', '', '', '', '', 0, ''),
(907, 23, 23, 0, '', '', '', '', '', 0, ''),
(908, 23, 24, 0, '', '', '', '', '', 0, ''),
(909, 23, 25, 0, '', '', '', '', '', 0, ''),
(910, 23, 26, 0, '', '', '', '', '', 0, ''),
(911, 23, 27, 0, '', '', '', '', '', 0, ''),
(912, 23, 28, 0, '', '', '', '', '', 0, ''),
(913, 23, 29, 0, '', '', '', '', '', 0, ''),
(914, 23, 30, 0, '', '', '', '', '', 0, ''),
(915, 23, 31, 0, '', '', '', '', '', 0, ''),
(916, 23, 32, 0, '', '', '', '', '', 0, ''),
(917, 23, 33, 0, '', '', '', '', '', 0, ''),
(918, 23, 34, 0, '', '', '', '', '', 0, ''),
(919, 23, 35, 0, '', '', '', '', '', 0, ''),
(920, 23, 36, 0, '', '', '', '', '', 0, ''),
(921, 23, 37, 0, '', '', '', '', '', 0, ''),
(922, 23, 38, 0, '', '', '', '', '', 0, ''),
(923, 23, 39, 0, '', '', '', '', '', 0, ''),
(924, 23, 40, 0, '', '', '', '', '', 0, ''),
(925, 24, 1, 0, '', '', '', '', '', 0, ''),
(926, 24, 2, 0, '', '', '', '', '', 0, ''),
(927, 24, 3, 0, '', '', '', '', '', 0, ''),
(928, 24, 4, 0, '', '', '', '', '', 0, ''),
(929, 24, 5, 0, '', '', '', '', '', 0, ''),
(930, 24, 6, 0, '', '', '', '', '', 0, ''),
(931, 24, 7, 0, '', '', '', '', '', 0, ''),
(932, 24, 8, 0, '', '', '', '', '', 0, ''),
(933, 24, 9, 0, '', '', '', '', '', 0, ''),
(934, 24, 10, 0, '', '', '', '', '', 0, ''),
(935, 24, 11, 0, '', '', '', '', '', 0, ''),
(936, 24, 12, 0, '', '', '', '', '', 0, ''),
(937, 24, 13, 0, '', '', '', '', '', 0, ''),
(938, 24, 14, 0, '', '', '', '', '', 0, ''),
(939, 24, 15, 0, '', '', '', '', '', 0, ''),
(940, 24, 16, 0, '', '', '', '', '', 0, ''),
(941, 24, 17, 0, '', '', '', '', '', 0, ''),
(942, 24, 18, 0, '', '', '', '', '', 0, ''),
(943, 24, 19, 0, '', '', '', '', '', 0, ''),
(944, 24, 20, 0, '', '', '', '', '', 0, ''),
(945, 24, 21, 0, '', '', '', '', '', 0, ''),
(946, 24, 22, 0, '', '', '', '', '', 0, ''),
(947, 24, 23, 0, '', '', '', '', '', 0, ''),
(948, 24, 24, 0, '', '', '', '', '', 0, ''),
(949, 24, 25, 0, '', '', '', '', '', 0, ''),
(950, 24, 26, 0, '', '', '', '', '', 0, ''),
(951, 24, 27, 0, '', '', '', '', '', 0, ''),
(952, 24, 28, 0, '', '', '', '', '', 0, ''),
(953, 24, 29, 0, '', '', '', '', '', 0, ''),
(954, 24, 30, 0, '', '', '', '', '', 0, ''),
(955, 24, 31, 0, '', '', '', '', '', 0, ''),
(956, 24, 32, 0, '', '', '', '', '', 0, ''),
(957, 24, 33, 0, '', '', '', '', '', 0, ''),
(958, 24, 34, 0, '', '', '', '', '', 0, ''),
(959, 24, 35, 0, '', '', '', '', '', 0, ''),
(960, 24, 36, 0, '', '', '', '', '', 0, ''),
(961, 24, 37, 0, '', '', '', '', '', 0, ''),
(962, 24, 38, 0, '', '', '', '', '', 0, ''),
(963, 24, 39, 0, '', '', '', '', '', 0, ''),
(964, 24, 40, 0, '', '', '', '', '', 0, ''),
(965, 25, 1, 0, '', '', '', '', '', 0, ''),
(966, 25, 2, 0, '', '', '', '', '', 0, ''),
(967, 25, 3, 0, '', '', '', '', '', 0, ''),
(968, 25, 4, 0, '', '', '', '', '', 0, ''),
(969, 25, 5, 0, '', '', '', '', '', 0, ''),
(970, 25, 6, 0, '', '', '', '', '', 0, ''),
(971, 25, 7, 0, '', '', '', '', '', 0, ''),
(972, 25, 8, 0, '', '', '', '', '', 0, ''),
(973, 25, 9, 0, '', '', '', '', '', 0, ''),
(974, 25, 10, 0, '', '', '', '', '', 0, ''),
(975, 25, 11, 0, '', '', '', '', '', 0, ''),
(976, 25, 12, 0, '', '', '', '', '', 0, ''),
(977, 25, 13, 0, '', '', '', '', '', 0, ''),
(978, 25, 14, 0, '', '', '', '', '', 0, ''),
(979, 25, 15, 0, '', '', '', '', '', 0, ''),
(980, 25, 16, 0, '', '', '', '', '', 0, ''),
(981, 25, 17, 0, '', '', '', '', '', 0, ''),
(982, 25, 18, 0, '', '', '', '', '', 0, ''),
(983, 25, 19, 0, '', '', '', '', '', 0, ''),
(984, 25, 20, 0, '', '', '', '', '', 0, ''),
(985, 25, 21, 0, '', '', '', '', '', 0, ''),
(986, 25, 22, 0, '', '', '', '', '', 0, ''),
(987, 25, 23, 0, '', '', '', '', '', 0, ''),
(988, 25, 24, 0, '', '', '', '', '', 0, ''),
(989, 25, 25, 0, '', '', '', '', '', 0, ''),
(990, 25, 26, 0, '', '', '', '', '', 0, ''),
(991, 25, 27, 0, '', '', '', '', '', 0, ''),
(992, 25, 28, 0, '', '', '', '', '', 0, ''),
(993, 25, 29, 0, '', '', '', '', '', 0, ''),
(994, 25, 30, 0, '', '', '', '', '', 0, ''),
(995, 25, 31, 0, '', '', '', '', '', 0, ''),
(996, 25, 32, 0, '', '', '', '', '', 0, ''),
(997, 25, 33, 0, '', '', '', '', '', 0, ''),
(998, 25, 34, 0, '', '', '', '', '', 0, ''),
(999, 25, 35, 0, '', '', '', '', '', 0, ''),
(1000, 25, 36, 0, '', '', '', '', '', 0, ''),
(1001, 25, 37, 0, '', '', '', '', '', 0, ''),
(1002, 25, 38, 0, '', '', '', '', '', 0, ''),
(1003, 25, 39, 0, '', '', '', '', '', 0, ''),
(1004, 25, 40, 0, '', '', '', '', '', 0, ''),
(1005, 26, 1, 0, '', '', '', '', '', 0, ''),
(1006, 26, 2, 0, '', '', '', '', '', 0, ''),
(1007, 26, 3, 0, '', '', '', '', '', 0, ''),
(1008, 26, 4, 0, '', '', '', '', '', 0, ''),
(1009, 26, 5, 0, '', '', '', '', '', 0, ''),
(1010, 26, 6, 0, '', '', '', '', '', 0, ''),
(1011, 26, 7, 18, 'meet', '0987', 'Nairobi', 'Kisumu', '', 1, ''),
(1012, 26, 8, 0, '', '', '', '', '', 0, ''),
(1013, 26, 9, 0, '', '', '', '', '', 0, ''),
(1014, 26, 10, 0, '', '', '', '', '', 0, ''),
(1015, 26, 11, 0, '', '', '', '', '', 0, ''),
(1016, 26, 12, 0, '', '', '', '', '', 0, ''),
(1017, 26, 13, 0, '', '', '', '', '', 0, ''),
(1018, 26, 14, 0, '', '', '', '', '', 0, ''),
(1019, 26, 15, 0, '', '', '', '', '', 0, ''),
(1020, 26, 16, 0, '', '', '', '', '', 0, ''),
(1021, 26, 17, 0, '', '', '', '', '', 0, ''),
(1022, 26, 18, 0, '', '', '', '', '', 0, ''),
(1023, 26, 19, 0, '', '', '', '', '', 0, ''),
(1024, 26, 20, 0, '', '', '', '', '', 0, ''),
(1025, 26, 21, 0, '', '', '', '', '', 0, ''),
(1026, 26, 22, 0, '', '', '', '', '', 0, ''),
(1027, 26, 23, 0, '', '', '', '', '', 0, ''),
(1028, 26, 24, 0, '', '', '', '', '', 0, ''),
(1029, 26, 25, 18, 'meet', '0987', '', '', '', 1, ''),
(1030, 26, 26, 18, 'meet', '0987', '', '', '', 1, ''),
(1031, 26, 27, 0, '', '', '', '', '', 0, ''),
(1032, 26, 28, 0, '', '', '', '', '', 0, ''),
(1033, 26, 29, 0, '', '', '', '', '', 0, ''),
(1034, 26, 30, 0, '', '', '', '', '', 0, ''),
(1035, 26, 31, 0, '', '', '', '', '', 0, ''),
(1036, 26, 32, 0, '', '', '', '', '', 0, ''),
(1037, 26, 33, 0, '', '', '', '', '', 0, ''),
(1038, 26, 34, 0, '', '', '', '', '', 0, ''),
(1039, 26, 35, 0, '', '', '', '', '', 0, ''),
(1040, 26, 36, 0, '', '', '', '', '', 0, ''),
(1041, 26, 37, 0, '', '', '', '', '', 0, ''),
(1042, 26, 38, 0, '', '', '', '', '', 0, ''),
(1043, 26, 39, 0, '', '', '', '', '', 0, ''),
(1044, 26, 40, 0, '', '', '', '', '', 0, ''),
(1045, 27, 1, 0, '', '', '', '', '', 0, ''),
(1046, 27, 2, 0, '', '', '', '', '', 0, ''),
(1047, 27, 3, 0, '', '', '', '', '', 0, ''),
(1048, 27, 4, 0, '', '', '', '', '', 0, ''),
(1049, 27, 5, 0, '', '', '', '', '', 0, ''),
(1050, 27, 6, 0, '', '', '', '', '', 0, ''),
(1051, 27, 7, 0, '', '', '', '', '', 0, ''),
(1052, 27, 8, 0, '', '', '', '', '', 0, ''),
(1053, 27, 9, 0, '', '', '', '', '', 0, ''),
(1054, 27, 10, 0, '', '', '', '', '', 0, ''),
(1055, 27, 11, 0, '', '', '', '', '', 0, ''),
(1056, 27, 12, 0, '', '', '', '', '', 0, ''),
(1057, 27, 13, 0, '', '', '', '', '', 0, ''),
(1058, 27, 14, 0, '', '', '', '', '', 0, ''),
(1059, 27, 15, 0, '', '', '', '', '', 0, ''),
(1060, 27, 16, 0, '', '', '', '', '', 0, ''),
(1061, 27, 17, 0, '', '', '', '', '', 0, ''),
(1062, 27, 18, 0, '', '', '', '', '', 0, ''),
(1063, 27, 19, 0, '', '', '', '', '', 0, ''),
(1064, 27, 20, 0, '', '', '', '', '', 0, ''),
(1065, 27, 21, 0, '', '', '', '', '', 0, ''),
(1066, 27, 22, 0, '', '', '', '', '', 0, ''),
(1067, 27, 23, 0, '', '', '', '', '', 0, ''),
(1068, 27, 24, 0, '', '', '', '', '', 0, ''),
(1069, 27, 25, 0, '', '', '', '', '', 0, ''),
(1070, 27, 26, 0, '', '', '', '', '', 0, ''),
(1071, 27, 27, 0, '', '', '', '', '', 0, ''),
(1072, 27, 28, 0, '', '', '', '', '', 0, ''),
(1073, 27, 29, 0, '', '', '', '', '', 0, ''),
(1074, 27, 30, 0, '', '', '', '', '', 0, ''),
(1075, 27, 31, 0, '', '', '', '', '', 0, ''),
(1076, 27, 32, 0, '', '', '', '', '', 0, ''),
(1077, 27, 33, 0, '', '', '', '', '', 0, ''),
(1078, 27, 34, 0, '', '', '', '', '', 0, ''),
(1079, 27, 35, 0, '', '', '', '', '', 0, ''),
(1080, 27, 36, 0, '', '', '', '', '', 0, ''),
(1081, 27, 37, 0, '', '', '', '', '', 0, ''),
(1082, 27, 38, 0, '', '', '', '', '', 0, ''),
(1083, 27, 39, 0, '', '', '', '', '', 0, ''),
(1084, 27, 40, 0, '', '', '', '', '', 0, ''),
(1085, 28, 1, 0, '', '', '', '', '', 0, ''),
(1086, 28, 2, 0, '', '', '', '', '', 0, ''),
(1087, 28, 3, 0, '', '', '', '', '', 0, ''),
(1088, 28, 4, 0, '', '', '', '', '', 0, ''),
(1089, 28, 5, 0, '', '', '', '', '', 0, ''),
(1090, 28, 6, 0, '', '', '', '', '', 0, ''),
(1091, 28, 7, 0, '', '', '', '', '', 0, ''),
(1092, 28, 8, 0, '', '', '', '', '', 0, ''),
(1093, 28, 9, 0, '', '', '', '', '', 0, ''),
(1094, 28, 10, 0, '', '', '', '', '', 0, ''),
(1095, 28, 11, 0, '', '', '', '', '', 0, ''),
(1096, 28, 12, 0, '', '', '', '', '', 0, ''),
(1097, 28, 13, 0, '', '', '', '', '', 0, ''),
(1098, 28, 14, 0, '', '', '', '', '', 0, ''),
(1099, 28, 15, 0, '', '', '', '', '', 0, ''),
(1100, 28, 16, 0, '', '', '', '', '', 0, ''),
(1101, 28, 17, 0, '', '', '', '', '', 0, ''),
(1102, 28, 18, 0, '', '', '', '', '', 0, ''),
(1103, 28, 19, 0, '', '', '', '', '', 0, ''),
(1104, 28, 20, 0, '', '', '', '', '', 0, ''),
(1105, 28, 21, 0, '', '', '', '', '', 0, ''),
(1106, 28, 22, 0, '', '', '', '', '', 0, ''),
(1107, 28, 23, 0, '', '', '', '', '', 0, ''),
(1108, 28, 24, 0, '', '', '', '', '', 0, ''),
(1109, 28, 25, 0, '', '', '', '', '', 0, ''),
(1110, 28, 26, 0, '', '', '', '', '', 0, ''),
(1111, 28, 27, 0, '', '', '', '', '', 0, ''),
(1112, 28, 28, 0, '', '', '', '', '', 0, ''),
(1113, 28, 29, 0, '', '', '', '', '', 0, ''),
(1114, 28, 30, 0, '', '', '', '', '', 0, ''),
(1115, 28, 31, 0, '', '', '', '', '', 0, ''),
(1116, 28, 32, 0, '', '', '', '', '', 0, ''),
(1117, 28, 33, 0, '', '', '', '', '', 0, ''),
(1118, 28, 34, 0, '', '', '', '', '', 0, ''),
(1119, 28, 35, 0, '', '', '', '', '', 0, ''),
(1120, 28, 36, 0, '', '', '', '', '', 0, ''),
(1121, 28, 37, 0, '', '', '', '', '', 0, ''),
(1122, 28, 38, 0, '', '', '', '', '', 0, ''),
(1123, 28, 39, 0, '', '', '', '', '', 0, ''),
(1124, 28, 40, 0, '', '', '', '', '', 0, ''),
(1125, 29, 1, 0, '', '', '', '', '', 0, ''),
(1126, 29, 2, 0, '', '', '', '', '', 0, ''),
(1127, 29, 3, 0, '', '', '', '', '', 0, ''),
(1128, 29, 4, 0, '', '', '', '', '', 0, ''),
(1129, 29, 5, 0, '', '', '', '', '', 0, ''),
(1130, 29, 6, 18, 'meet', '0987', '', '', '', 1, ''),
(1131, 29, 7, 18, 'meet', '0987', '', '', '', 1, ''),
(1132, 29, 8, 0, '', '', '', '', '', 0, ''),
(1133, 29, 9, 0, '', '', '', '', '', 0, ''),
(1134, 29, 10, 0, '', '', '', '', '', 0, ''),
(1135, 29, 11, 0, '', '', '', '', '', 0, ''),
(1136, 29, 12, 0, '', '', '', '', '', 0, ''),
(1137, 29, 13, 0, '', '', '', '', '', 0, ''),
(1138, 29, 14, 0, '', '', '', '', '', 0, ''),
(1139, 29, 15, 0, '', '', '', '', '', 0, ''),
(1140, 29, 16, 0, '', '', '', '', '', 0, ''),
(1141, 29, 17, 0, '', '', '', '', '', 0, ''),
(1142, 29, 18, 0, '', '', '', '', '', 0, ''),
(1143, 29, 19, 18, 'meet', '0987', 'Nairobi', 'Kisumu', '', 1, ''),
(1144, 29, 20, 18, 'meet', '0987', 'Nairobi', 'Kisumu', '', 1, ''),
(1145, 29, 21, 0, '', '', '', '', '', 0, ''),
(1146, 29, 22, 0, '', '', '', '', '', 0, ''),
(1147, 29, 23, 0, '', '', '', '', '', 0, ''),
(1148, 29, 24, 0, '', '', '', '', '', 0, ''),
(1149, 29, 25, 0, '', '', '', '', '', 0, ''),
(1150, 29, 26, 18, 'meet', '0987', '', '', '', 1, ''),
(1151, 29, 27, 18, 'meet', '0987', '', '', '', 1, ''),
(1152, 29, 28, 0, '', '', '', '', '', 0, ''),
(1153, 29, 29, 0, '', '', '', '', '', 0, ''),
(1154, 29, 30, 0, '', '', '', '', '', 0, ''),
(1155, 29, 31, 0, '', '', '', '', '', 0, ''),
(1156, 29, 32, 0, '', '', '', '', '', 0, ''),
(1157, 29, 33, 0, '', '', '', '', '', 0, ''),
(1158, 29, 34, 0, '', '', '', '', '', 0, ''),
(1159, 29, 35, 0, '', '', '', '', '', 0, ''),
(1160, 29, 36, 0, '', '', '', '', '', 0, ''),
(1161, 29, 37, 0, '', '', '', '', '', 0, ''),
(1162, 29, 38, 0, '', '', '', '', '', 0, ''),
(1163, 29, 39, 0, '', '', '', '', '', 0, ''),
(1164, 29, 40, 0, '', '', '', '', '', 0, ''),
(1165, 30, 1, 0, '', '', '', '', '', 0, ''),
(1166, 30, 2, 0, '', '', '', '', '', 0, ''),
(1167, 30, 3, 0, '', '', '', '', '', 0, ''),
(1168, 30, 4, 0, '', '', '', '', '', 0, '');
INSERT INTO `seat_details` (`id`, `busid`, `seatid`, `uid`, `pname`, `pmobile`, `start`, `depart`, `trxid`, `status`, `note`) VALUES
(1169, 30, 5, 0, '', '', '', '', '', 0, ''),
(1170, 30, 6, 0, '', '', '', '', '', 0, ''),
(1171, 30, 7, 0, '', '', '', '', '', 0, ''),
(1172, 30, 8, 0, '', '', '', '', '', 0, ''),
(1173, 30, 9, 0, '', '', '', '', '', 0, ''),
(1174, 30, 10, 0, '', '', '', '', '', 0, ''),
(1175, 30, 11, 0, '', '', '', '', '', 0, ''),
(1176, 30, 12, 0, '', '', '', '', '', 0, ''),
(1177, 30, 13, 0, '', '', '', '', '', 0, ''),
(1178, 30, 14, 0, '', '', '', '', '', 0, ''),
(1179, 30, 15, 0, '', '', '', '', '', 0, ''),
(1180, 30, 16, 0, '', '', '', '', '', 0, ''),
(1181, 30, 17, 0, '', '', '', '', '', 0, ''),
(1182, 30, 18, 0, '', '', '', '', '', 0, ''),
(1183, 30, 19, 0, '', '', '', '', '', 0, ''),
(1184, 30, 20, 0, '', '', '', '', '', 0, ''),
(1185, 30, 21, 0, '', '', '', '', '', 0, ''),
(1186, 30, 22, 0, '', '', '', '', '', 0, ''),
(1187, 30, 23, 0, '', '', '', '', '', 0, ''),
(1188, 30, 24, 0, '', '', '', '', '', 0, ''),
(1189, 30, 25, 0, '', '', '', '', '', 0, ''),
(1190, 30, 26, 0, '', '', '', '', '', 0, ''),
(1191, 30, 27, 0, '', '', '', '', '', 0, ''),
(1192, 30, 28, 0, '', '', '', '', '', 0, ''),
(1193, 30, 29, 0, '', '', '', '', '', 0, ''),
(1194, 30, 30, 0, '', '', '', '', '', 0, ''),
(1195, 30, 31, 0, '', '', '', '', '', 0, ''),
(1196, 30, 32, 0, '', '', '', '', '', 0, ''),
(1197, 30, 33, 0, '', '', '', '', '', 0, ''),
(1198, 30, 34, 0, '', '', '', '', '', 0, ''),
(1199, 30, 35, 0, '', '', '', '', '', 0, ''),
(1200, 30, 36, 0, '', '', '', '', '', 0, ''),
(1201, 30, 37, 0, '', '', '', '', '', 0, ''),
(1202, 30, 38, 0, '', '', '', '', '', 0, ''),
(1203, 30, 39, 0, '', '', '', '', '', 0, ''),
(1204, 30, 40, 0, '', '', '', '', '', 0, ''),
(1205, 31, 1, 0, '', '', '', '', '', 0, ''),
(1206, 31, 2, 0, '', '', '', '', '', 0, ''),
(1207, 31, 3, 0, '', '', '', '', '', 0, ''),
(1208, 31, 4, 0, '', '', '', '', '', 0, ''),
(1209, 31, 5, 0, '', '', '', '', '', 0, ''),
(1210, 31, 6, 0, '', '', '', '', '', 0, ''),
(1211, 31, 7, 0, '', '', '', '', '', 0, ''),
(1212, 31, 8, 0, '', '', '', '', '', 0, ''),
(1213, 31, 9, 0, '', '', '', '', '', 0, ''),
(1214, 31, 10, 0, '', '', '', '', '', 0, ''),
(1215, 31, 11, 0, '', '', '', '', '', 0, ''),
(1216, 31, 12, 0, '', '', '', '', '', 0, ''),
(1217, 31, 13, 0, '', '', '', '', '', 0, ''),
(1218, 31, 14, 0, '', '', '', '', '', 0, ''),
(1219, 31, 15, 0, '', '', '', '', '', 0, ''),
(1220, 31, 16, 0, '', '', '', '', '', 0, ''),
(1221, 31, 17, 0, '', '', '', '', '', 0, ''),
(1222, 31, 18, 0, '', '', '', '', '', 0, ''),
(1223, 31, 19, 0, '', '', '', '', '', 0, ''),
(1224, 31, 20, 0, '', '', '', '', '', 0, ''),
(1225, 31, 21, 0, '', '', '', '', '', 0, ''),
(1226, 31, 22, 0, '', '', '', '', '', 0, ''),
(1227, 31, 23, 0, '', '', '', '', '', 0, ''),
(1228, 31, 24, 0, '', '', '', '', '', 0, ''),
(1229, 31, 25, 0, '', '', '', '', '', 0, ''),
(1230, 31, 26, 0, '', '', '', '', '', 0, ''),
(1231, 31, 27, 0, '', '', '', '', '', 0, ''),
(1232, 31, 28, 0, '', '', '', '', '', 0, ''),
(1233, 31, 29, 0, '', '', '', '', '', 0, ''),
(1234, 31, 30, 0, '', '', '', '', '', 0, ''),
(1235, 31, 31, 0, '', '', '', '', '', 0, ''),
(1236, 31, 32, 0, '', '', '', '', '', 0, ''),
(1237, 31, 33, 0, '', '', '', '', '', 0, ''),
(1238, 31, 34, 0, '', '', '', '', '', 0, ''),
(1239, 31, 35, 0, '', '', '', '', '', 0, ''),
(1240, 31, 36, 0, '', '', '', '', '', 0, ''),
(1241, 31, 37, 0, '', '', '', '', '', 0, ''),
(1242, 31, 38, 0, '', '', '', '', '', 0, ''),
(1243, 31, 39, 0, '', '', '', '', '', 0, ''),
(1244, 31, 40, 0, '', '', '', '', '', 0, ''),
(1245, 32, 1, 0, '', '', '', '', '', 0, ''),
(1246, 32, 2, 0, '', '', '', '', '', 0, ''),
(1247, 32, 3, 0, '', '', '', '', '', 0, ''),
(1248, 32, 4, 0, '', '', '', '', '', 0, ''),
(1249, 32, 5, 0, '', '', '', '', '', 0, ''),
(1250, 32, 6, 0, '', '', '', '', '', 0, ''),
(1251, 32, 7, 0, '', '', '', '', '', 0, ''),
(1252, 32, 8, 0, '', '', '', '', '', 0, ''),
(1253, 32, 9, 0, '', '', '', '', '', 0, ''),
(1254, 32, 10, 0, '', '', '', '', '', 0, ''),
(1255, 32, 11, 0, '', '', '', '', '', 0, ''),
(1256, 32, 12, 0, '', '', '', '', '', 0, ''),
(1257, 32, 13, 0, '', '', '', '', '', 0, ''),
(1258, 32, 14, 0, '', '', '', '', '', 0, ''),
(1259, 32, 15, 0, '', '', '', '', '', 0, ''),
(1260, 32, 16, 0, '', '', '', '', '', 0, ''),
(1261, 32, 17, 0, '', '', '', '', '', 0, ''),
(1262, 32, 18, 0, '', '', '', '', '', 0, ''),
(1263, 32, 19, 0, '', '', '', '', '', 0, ''),
(1264, 32, 20, 0, '', '', '', '', '', 0, ''),
(1265, 32, 21, 0, '', '', '', '', '', 0, ''),
(1266, 32, 22, 0, '', '', '', '', '', 0, ''),
(1267, 32, 23, 0, '', '', '', '', '', 0, ''),
(1268, 32, 24, 0, '', '', '', '', '', 0, ''),
(1269, 32, 25, 0, '', '', '', '', '', 0, ''),
(1270, 32, 26, 0, '', '', '', '', '', 0, ''),
(1271, 32, 27, 0, '', '', '', '', '', 0, ''),
(1272, 32, 28, 0, '', '', '', '', '', 0, ''),
(1273, 32, 29, 0, '', '', '', '', '', 0, ''),
(1274, 32, 30, 0, '', '', '', '', '', 0, ''),
(1275, 32, 31, 0, '', '', '', '', '', 0, ''),
(1276, 32, 32, 0, '', '', '', '', '', 0, ''),
(1277, 32, 33, 0, '', '', '', '', '', 0, ''),
(1278, 32, 34, 0, '', '', '', '', '', 0, ''),
(1279, 32, 35, 0, '', '', '', '', '', 0, ''),
(1280, 32, 36, 0, '', '', '', '', '', 0, ''),
(1281, 32, 37, 0, '', '', '', '', '', 0, ''),
(1282, 32, 38, 0, '', '', '', '', '', 0, ''),
(1283, 32, 39, 0, '', '', '', '', '', 0, ''),
(1284, 32, 40, 0, '', '', '', '', '', 0, ''),
(1285, 33, 1, 0, '', '', '', '', '', 0, ''),
(1286, 33, 2, 0, '', '', '', '', '', 0, ''),
(1287, 33, 3, 0, '', '', '', '', '', 0, ''),
(1288, 33, 4, 0, '', '', '', '', '', 0, ''),
(1289, 33, 5, 0, '', '', '', '', '', 0, ''),
(1290, 33, 6, 0, '', '', '', '', '', 0, ''),
(1291, 33, 7, 0, '', '', '', '', '', 0, ''),
(1292, 33, 8, 0, '', '', '', '', '', 0, ''),
(1293, 33, 9, 0, '', '', '', '', '', 0, ''),
(1294, 33, 10, 0, '', '', '', '', '', 0, ''),
(1295, 33, 11, 0, '', '', '', '', '', 0, ''),
(1296, 33, 12, 0, '', '', '', '', '', 0, ''),
(1297, 33, 13, 0, '', '', '', '', '', 0, ''),
(1298, 33, 14, 0, '', '', '', '', '', 0, ''),
(1299, 33, 15, 0, '', '', '', '', '', 0, ''),
(1300, 33, 16, 0, '', '', '', '', '', 0, ''),
(1301, 33, 17, 0, '', '', '', '', '', 0, ''),
(1302, 33, 18, 0, '', '', '', '', '', 0, ''),
(1303, 33, 19, 0, '', '', '', '', '', 0, ''),
(1304, 33, 20, 0, '', '', '', '', '', 0, ''),
(1305, 33, 21, 0, '', '', '', '', '', 0, ''),
(1306, 33, 22, 0, '', '', '', '', '', 0, ''),
(1307, 33, 23, 0, '', '', '', '', '', 0, ''),
(1308, 33, 24, 0, '', '', '', '', '', 0, ''),
(1309, 33, 25, 0, '', '', '', '', '', 0, ''),
(1310, 33, 26, 0, '', '', '', '', '', 0, ''),
(1311, 33, 27, 0, '', '', '', '', '', 0, ''),
(1312, 33, 28, 0, '', '', '', '', '', 0, ''),
(1313, 33, 29, 0, '', '', '', '', '', 0, ''),
(1314, 33, 30, 0, '', '', '', '', '', 0, ''),
(1315, 33, 31, 0, '', '', '', '', '', 0, ''),
(1316, 33, 32, 0, '', '', '', '', '', 0, ''),
(1317, 33, 33, 0, '', '', '', '', '', 0, ''),
(1318, 33, 34, 0, '', '', '', '', '', 0, ''),
(1319, 33, 35, 0, '', '', '', '', '', 0, ''),
(1320, 33, 36, 0, '', '', '', '', '', 0, ''),
(1321, 33, 37, 0, '', '', '', '', '', 0, ''),
(1322, 33, 38, 0, '', '', '', '', '', 0, ''),
(1323, 33, 39, 0, '', '', '', '', '', 0, ''),
(1324, 33, 40, 0, '', '', '', '', '', 0, ''),
(1325, 34, 1, 0, '', '', '', '', '', 0, ''),
(1326, 34, 2, 0, '', '', '', '', '', 0, ''),
(1327, 34, 3, 0, '', '', '', '', '', 0, ''),
(1328, 34, 4, 0, '', '', '', '', '', 0, ''),
(1329, 34, 5, 0, '', '', '', '', '', 0, ''),
(1330, 34, 6, 0, '', '', '', '', '', 0, ''),
(1331, 34, 7, 0, '', '', '', '', '', 0, ''),
(1332, 34, 8, 0, '', '', '', '', '', 0, ''),
(1333, 34, 9, 0, '', '', '', '', '', 0, ''),
(1334, 34, 10, 0, '', '', '', '', '', 0, ''),
(1335, 34, 11, 0, '', '', '', '', '', 0, ''),
(1336, 34, 12, 0, '', '', '', '', '', 0, ''),
(1337, 34, 13, 0, '', '', '', '', '', 0, ''),
(1338, 34, 14, 0, '', '', '', '', '', 0, ''),
(1339, 34, 15, 0, '', '', '', '', '', 0, ''),
(1340, 34, 16, 0, '', '', '', '', '', 0, ''),
(1341, 34, 17, 0, '', '', '', '', '', 0, ''),
(1342, 34, 18, 0, '', '', '', '', '', 0, ''),
(1343, 34, 19, 0, '', '', '', '', '', 0, ''),
(1344, 34, 20, 0, '', '', '', '', '', 0, ''),
(1345, 34, 21, 0, '', '', '', '', '', 0, ''),
(1346, 34, 22, 0, '', '', '', '', '', 0, ''),
(1347, 34, 23, 0, '', '', '', '', '', 0, ''),
(1348, 34, 24, 0, '', '', '', '', '', 0, ''),
(1349, 34, 25, 0, '', '', '', '', '', 0, ''),
(1350, 34, 26, 0, '', '', '', '', '', 0, ''),
(1351, 34, 27, 0, '', '', '', '', '', 0, ''),
(1352, 34, 28, 0, '', '', '', '', '', 0, ''),
(1353, 34, 29, 0, '', '', '', '', '', 0, ''),
(1354, 34, 30, 0, '', '', '', '', '', 0, ''),
(1355, 34, 31, 0, '', '', '', '', '', 0, ''),
(1356, 34, 32, 0, '', '', '', '', '', 0, ''),
(1357, 34, 33, 0, '', '', '', '', '', 0, ''),
(1358, 34, 34, 0, '', '', '', '', '', 0, ''),
(1359, 34, 35, 0, '', '', '', '', '', 0, ''),
(1360, 34, 36, 0, '', '', '', '', '', 0, ''),
(1361, 34, 37, 0, '', '', '', '', '', 0, ''),
(1362, 34, 38, 0, '', '', '', '', '', 0, ''),
(1363, 34, 39, 0, '', '', '', '', '', 0, ''),
(1364, 34, 40, 0, '', '', '', '', '', 0, ''),
(1365, 35, 1, 0, '', '', '', '', '', 0, ''),
(1366, 35, 2, 0, '', '', '', '', '', 0, ''),
(1367, 35, 3, 0, '', '', '', '', '', 0, ''),
(1368, 35, 4, 0, '', '', '', '', '', 0, ''),
(1369, 35, 5, 0, '', '', '', '', '', 0, ''),
(1370, 35, 6, 0, '', '', '', '', '', 0, ''),
(1371, 35, 7, 0, '', '', '', '', '', 0, ''),
(1372, 35, 8, 0, '', '', '', '', '', 0, ''),
(1373, 35, 9, 0, '', '', '', '', '', 0, ''),
(1374, 35, 10, 0, '', '', '', '', '', 0, ''),
(1375, 35, 11, 0, '', '', '', '', '', 0, ''),
(1376, 35, 12, 0, '', '', '', '', '', 0, ''),
(1377, 35, 13, 0, '', '', '', '', '', 0, ''),
(1378, 35, 14, 0, '', '', '', '', '', 0, ''),
(1379, 35, 15, 0, '', '', '', '', '', 0, ''),
(1380, 35, 16, 0, '', '', '', '', '', 0, ''),
(1381, 35, 17, 0, '', '', '', '', '', 0, ''),
(1382, 35, 18, 0, '', '', '', '', '', 0, ''),
(1383, 35, 19, 0, '', '', '', '', '', 0, ''),
(1384, 35, 20, 0, '', '', '', '', '', 0, ''),
(1385, 35, 21, 0, '', '', '', '', '', 0, ''),
(1386, 35, 22, 0, '', '', '', '', '', 0, ''),
(1387, 35, 23, 0, '', '', '', '', '', 0, ''),
(1388, 35, 24, 0, '', '', '', '', '', 0, ''),
(1389, 35, 25, 0, '', '', '', '', '', 0, ''),
(1390, 35, 26, 0, '', '', '', '', '', 0, ''),
(1391, 35, 27, 0, '', '', '', '', '', 0, ''),
(1392, 35, 28, 0, '', '', '', '', '', 0, ''),
(1393, 35, 29, 0, '', '', '', '', '', 0, ''),
(1394, 35, 30, 0, '', '', '', '', '', 0, ''),
(1395, 35, 31, 0, '', '', '', '', '', 0, ''),
(1396, 35, 32, 0, '', '', '', '', '', 0, ''),
(1397, 35, 33, 0, '', '', '', '', '', 0, ''),
(1398, 35, 34, 0, '', '', '', '', '', 0, ''),
(1399, 35, 35, 0, '', '', '', '', '', 0, ''),
(1400, 35, 36, 0, '', '', '', '', '', 0, ''),
(1401, 35, 37, 0, '', '', '', '', '', 0, ''),
(1402, 35, 38, 0, '', '', '', '', '', 0, ''),
(1403, 35, 39, 0, '', '', '', '', '', 0, ''),
(1404, 35, 40, 0, '', '', '', '', '', 0, ''),
(1405, 36, 1, 0, '', '', '', '', '', 0, ''),
(1406, 36, 2, 0, '', '', '', '', '', 0, ''),
(1407, 36, 3, 0, '', '', '', '', '', 0, ''),
(1408, 36, 4, 0, '', '', '', '', '', 0, ''),
(1409, 36, 5, 0, '', '', '', '', '', 0, ''),
(1410, 36, 6, 0, '', '', '', '', '', 0, ''),
(1411, 36, 7, 0, '', '', '', '', '', 0, ''),
(1412, 36, 8, 0, '', '', '', '', '', 0, ''),
(1413, 36, 9, 0, '', '', '', '', '', 0, ''),
(1414, 36, 10, 0, '', '', '', '', '', 0, ''),
(1415, 36, 11, 0, '', '', '', '', '', 0, ''),
(1416, 36, 12, 0, '', '', '', '', '', 0, ''),
(1417, 36, 13, 0, '', '', '', '', '', 0, ''),
(1418, 36, 14, 0, '', '', '', '', '', 0, ''),
(1419, 36, 15, 0, '', '', '', '', '', 0, ''),
(1420, 36, 16, 0, '', '', '', '', '', 0, ''),
(1421, 36, 17, 0, '', '', '', '', '', 0, ''),
(1422, 36, 18, 0, '', '', '', '', '', 0, ''),
(1423, 36, 19, 0, '', '', '', '', '', 0, ''),
(1424, 36, 20, 0, '', '', '', '', '', 0, ''),
(1425, 36, 21, 0, '', '', '', '', '', 0, ''),
(1426, 36, 22, 0, '', '', '', '', '', 0, ''),
(1427, 36, 23, 0, '', '', '', '', '', 0, ''),
(1428, 36, 24, 0, '', '', '', '', '', 0, ''),
(1429, 36, 25, 0, '', '', '', '', '', 0, ''),
(1430, 36, 26, 0, '', '', '', '', '', 0, ''),
(1431, 36, 27, 0, '', '', '', '', '', 0, ''),
(1432, 36, 28, 0, '', '', '', '', '', 0, ''),
(1433, 36, 29, 0, '', '', '', '', '', 0, ''),
(1434, 36, 30, 0, '', '', '', '', '', 0, ''),
(1435, 36, 31, 0, '', '', '', '', '', 0, ''),
(1436, 36, 32, 0, '', '', '', '', '', 0, ''),
(1437, 36, 33, 0, '', '', '', '', '', 0, ''),
(1438, 36, 34, 0, '', '', '', '', '', 0, ''),
(1439, 36, 35, 0, '', '', '', '', '', 0, ''),
(1440, 36, 36, 0, '', '', '', '', '', 0, ''),
(1441, 36, 37, 0, '', '', '', '', '', 0, ''),
(1442, 36, 38, 0, '', '', '', '', '', 0, ''),
(1443, 36, 39, 0, '', '', '', '', '', 0, ''),
(1444, 36, 40, 0, '', '', '', '', '', 0, ''),
(1445, 37, 1, 0, '', '', '', '', '', 0, ''),
(1446, 37, 2, 0, '', '', '', '', '', 0, ''),
(1447, 37, 3, 0, '', '', '', '', '', 0, ''),
(1448, 37, 4, 0, '', '', '', '', '', 0, ''),
(1449, 37, 5, 0, '', '', '', '', '', 0, ''),
(1450, 37, 6, 0, '', '', '', '', '', 0, ''),
(1451, 37, 7, 0, '', '', '', '', '', 0, ''),
(1452, 37, 8, 0, '', '', '', '', '', 0, ''),
(1453, 37, 9, 0, '', '', '', '', '', 0, ''),
(1454, 37, 10, 0, '', '', '', '', '', 0, ''),
(1455, 37, 11, 0, '', '', '', '', '', 0, ''),
(1456, 37, 12, 0, '', '', '', '', '', 0, ''),
(1457, 37, 13, 0, '', '', '', '', '', 0, ''),
(1458, 37, 14, 0, '', '', '', '', '', 0, ''),
(1459, 37, 15, 0, '', '', '', '', '', 0, ''),
(1460, 37, 16, 0, '', '', '', '', '', 0, ''),
(1461, 37, 17, 0, '', '', '', '', '', 0, ''),
(1462, 37, 18, 0, '', '', '', '', '', 0, ''),
(1463, 37, 19, 0, '', '', '', '', '', 0, ''),
(1464, 37, 20, 0, '', '', '', '', '', 0, ''),
(1465, 37, 21, 0, '', '', '', '', '', 0, ''),
(1466, 37, 22, 0, '', '', '', '', '', 0, ''),
(1467, 37, 23, 0, '', '', '', '', '', 0, ''),
(1468, 37, 24, 0, '', '', '', '', '', 0, ''),
(1469, 37, 25, 0, '', '', '', '', '', 0, ''),
(1470, 37, 26, 0, '', '', '', '', '', 0, ''),
(1471, 37, 27, 0, '', '', '', '', '', 0, ''),
(1472, 37, 28, 0, '', '', '', '', '', 0, ''),
(1473, 37, 29, 0, '', '', '', '', '', 0, ''),
(1474, 37, 30, 0, '', '', '', '', '', 0, ''),
(1475, 37, 31, 0, '', '', '', '', '', 0, ''),
(1476, 37, 32, 0, '', '', '', '', '', 0, ''),
(1477, 37, 33, 0, '', '', '', '', '', 0, ''),
(1478, 37, 34, 0, '', '', '', '', '', 0, ''),
(1479, 37, 35, 0, '', '', '', '', '', 0, ''),
(1480, 37, 36, 0, '', '', '', '', '', 0, ''),
(1481, 37, 37, 0, '', '', '', '', '', 0, ''),
(1482, 37, 38, 0, '', '', '', '', '', 0, ''),
(1483, 37, 39, 0, '', '', '', '', '', 0, ''),
(1484, 37, 40, 0, '', '', '', '', '', 0, ''),
(1485, 38, 1, 0, '', '', '', '', '', 0, ''),
(1486, 38, 2, 0, '', '', '', '', '', 0, ''),
(1487, 38, 3, 0, '', '', '', '', '', 0, ''),
(1488, 38, 4, 0, '', '', '', '', '', 0, ''),
(1489, 38, 5, 0, '', '', '', '', '', 0, ''),
(1490, 38, 6, 0, '', '', '', '', '', 0, ''),
(1491, 38, 7, 0, '', '', '', '', '', 0, ''),
(1492, 38, 8, 0, '', '', '', '', '', 0, ''),
(1493, 38, 9, 0, '', '', '', '', '', 0, ''),
(1494, 38, 10, 0, '', '', '', '', '', 0, ''),
(1495, 38, 11, 0, '', '', '', '', '', 0, ''),
(1496, 38, 12, 0, '', '', '', '', '', 0, ''),
(1497, 38, 13, 0, '', '', '', '', '', 0, ''),
(1498, 38, 14, 0, '', '', '', '', '', 0, ''),
(1499, 38, 15, 0, '', '', '', '', '', 0, ''),
(1500, 38, 16, 0, '', '', '', '', '', 0, ''),
(1501, 38, 17, 0, '', '', '', '', '', 0, ''),
(1502, 38, 18, 0, '', '', '', '', '', 0, ''),
(1503, 38, 19, 0, '', '', '', '', '', 0, ''),
(1504, 38, 20, 0, '', '', '', '', '', 0, ''),
(1505, 38, 21, 0, '', '', '', '', '', 0, ''),
(1506, 38, 22, 0, '', '', '', '', '', 0, ''),
(1507, 38, 23, 0, '', '', '', '', '', 0, ''),
(1508, 38, 24, 0, '', '', '', '', '', 0, ''),
(1509, 38, 25, 0, '', '', '', '', '', 0, ''),
(1510, 38, 26, 0, '', '', '', '', '', 0, ''),
(1511, 38, 27, 0, '', '', '', '', '', 0, ''),
(1512, 38, 28, 0, '', '', '', '', '', 0, ''),
(1513, 38, 29, 0, '', '', '', '', '', 0, ''),
(1514, 38, 30, 0, '', '', '', '', '', 0, ''),
(1515, 38, 31, 0, '', '', '', '', '', 0, ''),
(1516, 38, 32, 0, '', '', '', '', '', 0, ''),
(1517, 38, 33, 0, '', '', '', '', '', 0, ''),
(1518, 38, 34, 0, '', '', '', '', '', 0, ''),
(1519, 38, 35, 0, '', '', '', '', '', 0, ''),
(1520, 38, 36, 0, '', '', '', '', '', 0, ''),
(1521, 38, 37, 0, '', '', '', '', '', 0, ''),
(1522, 38, 38, 0, '', '', '', '', '', 0, ''),
(1523, 38, 39, 0, '', '', '', '', '', 0, ''),
(1524, 38, 40, 0, '', '', '', '', '', 0, ''),
(1525, 39, 1, 0, '', '', '', '', '', 0, ''),
(1526, 39, 2, 0, '', '', '', '', '', 0, ''),
(1527, 39, 3, 0, '', '', '', '', '', 0, ''),
(1528, 39, 4, 0, '', '', '', '', '', 0, ''),
(1529, 39, 5, 0, '', '', '', '', '', 0, ''),
(1530, 39, 6, 0, '', '', '', '', '', 0, ''),
(1531, 39, 7, 0, '', '', '', '', '', 0, ''),
(1532, 39, 8, 0, '', '', '', '', '', 0, ''),
(1533, 39, 9, 0, '', '', '', '', '', 0, ''),
(1534, 39, 10, 0, '', '', '', '', '', 0, ''),
(1535, 39, 11, 0, '', '', '', '', '', 0, ''),
(1536, 39, 12, 0, '', '', '', '', '', 0, ''),
(1537, 39, 13, 0, '', '', '', '', '', 0, ''),
(1538, 39, 14, 0, '', '', '', '', '', 0, ''),
(1539, 39, 15, 0, '', '', '', '', '', 0, ''),
(1540, 39, 16, 0, '', '', '', '', '', 0, ''),
(1541, 39, 17, 0, '', '', '', '', '', 0, ''),
(1542, 39, 18, 0, '', '', '', '', '', 0, ''),
(1543, 39, 19, 0, '', '', '', '', '', 0, ''),
(1544, 39, 20, 0, '', '', '', '', '', 0, ''),
(1545, 39, 21, 0, '', '', '', '', '', 0, ''),
(1546, 39, 22, 0, '', '', '', '', '', 0, ''),
(1547, 39, 23, 0, '', '', '', '', '', 0, ''),
(1548, 39, 24, 0, '', '', '', '', '', 0, ''),
(1549, 39, 25, 0, '', '', '', '', '', 0, ''),
(1550, 39, 26, 0, '', '', '', '', '', 0, ''),
(1551, 39, 27, 0, '', '', '', '', '', 0, ''),
(1552, 39, 28, 0, '', '', '', '', '', 0, ''),
(1553, 39, 29, 0, '', '', '', '', '', 0, ''),
(1554, 39, 30, 0, '', '', '', '', '', 0, ''),
(1555, 39, 31, 0, '', '', '', '', '', 0, ''),
(1556, 39, 32, 0, '', '', '', '', '', 0, ''),
(1557, 39, 33, 0, '', '', '', '', '', 0, ''),
(1558, 39, 34, 0, '', '', '', '', '', 0, ''),
(1559, 39, 35, 0, '', '', '', '', '', 0, ''),
(1560, 39, 36, 0, '', '', '', '', '', 0, ''),
(1561, 39, 37, 0, '', '', '', '', '', 0, ''),
(1562, 39, 38, 0, '', '', '', '', '', 0, ''),
(1563, 39, 39, 0, '', '', '', '', '', 0, ''),
(1564, 39, 40, 0, '', '', '', '', '', 0, ''),
(1565, 40, 1, 0, '', '', '', '', '', 0, ''),
(1566, 40, 2, 0, '', '', '', '', '', 0, ''),
(1567, 40, 3, 0, '', '', '', '', '', 0, ''),
(1568, 40, 4, 0, '', '', '', '', '', 0, ''),
(1569, 40, 5, 0, '', '', '', '', '', 0, ''),
(1570, 40, 6, 0, '', '', '', '', '', 0, ''),
(1571, 40, 7, 0, '', '', '', '', '', 0, ''),
(1572, 40, 8, 0, '', '', '', '', '', 0, ''),
(1573, 40, 9, 0, '', '', '', '', '', 0, ''),
(1574, 40, 10, 0, '', '', '', '', '', 0, ''),
(1575, 40, 11, 0, '', '', '', '', '', 0, ''),
(1576, 40, 12, 0, '', '', '', '', '', 0, ''),
(1577, 40, 13, 0, '', '', '', '', '', 0, ''),
(1578, 40, 14, 0, '', '', '', '', '', 0, ''),
(1579, 40, 15, 0, '', '', '', '', '', 0, ''),
(1580, 40, 16, 0, '', '', '', '', '', 0, ''),
(1581, 40, 17, 0, '', '', '', '', '', 0, ''),
(1582, 40, 18, 0, '', '', '', '', '', 0, ''),
(1583, 40, 19, 0, '', '', '', '', '', 0, ''),
(1584, 40, 20, 0, '', '', '', '', '', 0, ''),
(1585, 40, 21, 0, '', '', '', '', '', 0, ''),
(1586, 40, 22, 0, '', '', '', '', '', 0, ''),
(1587, 40, 23, 0, '', '', '', '', '', 0, ''),
(1588, 40, 24, 0, '', '', '', '', '', 0, ''),
(1589, 40, 25, 0, '', '', '', '', '', 0, ''),
(1590, 40, 26, 0, '', '', '', '', '', 0, ''),
(1591, 40, 27, 0, '', '', '', '', '', 0, ''),
(1592, 40, 28, 0, '', '', '', '', '', 0, ''),
(1593, 40, 29, 0, '', '', '', '', '', 0, ''),
(1594, 40, 30, 0, '', '', '', '', '', 0, ''),
(1595, 40, 31, 0, '', '', '', '', '', 0, ''),
(1596, 40, 32, 0, '', '', '', '', '', 0, ''),
(1597, 40, 33, 0, '', '', '', '', '', 0, ''),
(1598, 40, 34, 0, '', '', '', '', '', 0, ''),
(1599, 40, 35, 0, '', '', '', '', '', 0, ''),
(1600, 40, 36, 0, '', '', '', '', '', 0, ''),
(1601, 40, 37, 0, '', '', '', '', '', 0, ''),
(1602, 40, 38, 0, '', '', '', '', '', 0, ''),
(1603, 40, 39, 0, '', '', '', '', '', 0, ''),
(1604, 40, 40, 0, '', '', '', '', '', 0, ''),
(1605, 41, 1, 0, '', '', '', '', '', 0, ''),
(1606, 41, 2, 0, '', '', '', '', '', 0, ''),
(1607, 41, 3, 0, '', '', '', '', '', 0, ''),
(1608, 41, 4, 0, '', '', '', '', '', 0, ''),
(1609, 41, 5, 0, '', '', '', '', '', 0, ''),
(1610, 41, 6, 0, '', '', '', '', '', 0, ''),
(1611, 41, 7, 0, '', '', '', '', '', 0, ''),
(1612, 41, 8, 0, '', '', '', '', '', 0, ''),
(1613, 41, 9, 0, '', '', '', '', '', 0, ''),
(1614, 41, 10, 0, '', '', '', '', '', 0, ''),
(1615, 41, 11, 0, '', '', '', '', '', 0, ''),
(1616, 41, 12, 0, '', '', '', '', '', 0, ''),
(1617, 41, 13, 0, '', '', '', '', '', 0, ''),
(1618, 41, 14, 0, '', '', '', '', '', 0, ''),
(1619, 41, 15, 0, '', '', '', '', '', 0, ''),
(1620, 41, 16, 0, '', '', '', '', '', 0, ''),
(1621, 41, 17, 0, '', '', '', '', '', 0, ''),
(1622, 41, 18, 0, '', '', '', '', '', 0, ''),
(1623, 41, 19, 0, '', '', '', '', '', 0, ''),
(1624, 41, 20, 0, '', '', '', '', '', 0, ''),
(1625, 41, 21, 0, '', '', '', '', '', 0, ''),
(1626, 41, 22, 0, '', '', '', '', '', 0, ''),
(1627, 41, 23, 0, '', '', '', '', '', 0, ''),
(1628, 41, 24, 0, '', '', '', '', '', 0, ''),
(1629, 41, 25, 0, '', '', '', '', '', 0, ''),
(1630, 41, 26, 0, '', '', '', '', '', 0, ''),
(1631, 41, 27, 0, '', '', '', '', '', 0, ''),
(1632, 41, 28, 0, '', '', '', '', '', 0, ''),
(1633, 41, 29, 0, '', '', '', '', '', 0, ''),
(1634, 41, 30, 0, '', '', '', '', '', 0, ''),
(1635, 41, 31, 0, '', '', '', '', '', 0, ''),
(1636, 41, 32, 0, '', '', '', '', '', 0, ''),
(1637, 41, 33, 0, '', '', '', '', '', 0, ''),
(1638, 41, 34, 0, '', '', '', '', '', 0, ''),
(1639, 41, 35, 0, '', '', '', '', '', 0, ''),
(1640, 41, 36, 0, '', '', '', '', '', 0, ''),
(1641, 41, 37, 0, '', '', '', '', '', 0, ''),
(1642, 41, 38, 0, '', '', '', '', '', 0, ''),
(1643, 41, 39, 0, '', '', '', '', '', 0, ''),
(1644, 41, 40, 0, '', '', '', '', '', 0, ''),
(1645, 42, 1, 0, '', '', '', '', '', 0, ''),
(1646, 42, 2, 0, '', '', '', '', '', 0, ''),
(1647, 42, 3, 0, '', '', '', '', '', 0, ''),
(1648, 42, 4, 0, '', '', '', '', '', 0, ''),
(1649, 42, 5, 0, '', '', '', '', '', 0, ''),
(1650, 42, 6, 0, '', '', '', '', '', 0, ''),
(1651, 42, 7, 0, '', '', '', '', '', 0, ''),
(1652, 42, 8, 0, '', '', '', '', '', 0, ''),
(1653, 42, 9, 0, '', '', '', '', '', 0, ''),
(1654, 42, 10, 0, '', '', '', '', '', 0, ''),
(1655, 42, 11, 0, '', '', '', '', '', 0, ''),
(1656, 42, 12, 0, '', '', '', '', '', 0, ''),
(1657, 42, 13, 0, '', '', '', '', '', 0, ''),
(1658, 42, 14, 0, '', '', '', '', '', 0, ''),
(1659, 42, 15, 0, '', '', '', '', '', 0, ''),
(1660, 42, 16, 0, '', '', '', '', '', 0, ''),
(1661, 42, 17, 0, '', '', '', '', '', 0, ''),
(1662, 42, 18, 0, '', '', '', '', '', 0, ''),
(1663, 42, 19, 0, '', '', '', '', '', 0, ''),
(1664, 42, 20, 0, '', '', '', '', '', 0, ''),
(1665, 42, 21, 0, '', '', '', '', '', 0, ''),
(1666, 42, 22, 0, '', '', '', '', '', 0, ''),
(1667, 42, 23, 0, '', '', '', '', '', 0, ''),
(1668, 42, 24, 0, '', '', '', '', '', 0, ''),
(1669, 42, 25, 0, '', '', '', '', '', 0, ''),
(1670, 42, 26, 0, '', '', '', '', '', 0, ''),
(1671, 42, 27, 0, '', '', '', '', '', 0, ''),
(1672, 42, 28, 0, '', '', '', '', '', 0, ''),
(1673, 42, 29, 0, '', '', '', '', '', 0, ''),
(1674, 42, 30, 0, '', '', '', '', '', 0, ''),
(1675, 42, 31, 0, '', '', '', '', '', 0, ''),
(1676, 42, 32, 0, '', '', '', '', '', 0, ''),
(1677, 42, 33, 0, '', '', '', '', '', 0, ''),
(1678, 42, 34, 0, '', '', '', '', '', 0, ''),
(1679, 42, 35, 0, '', '', '', '', '', 0, ''),
(1680, 42, 36, 0, '', '', '', '', '', 0, ''),
(1681, 42, 37, 0, '', '', '', '', '', 0, ''),
(1682, 42, 38, 0, '', '', '', '', '', 0, ''),
(1683, 42, 39, 0, '', '', '', '', '', 0, ''),
(1684, 42, 40, 0, '', '', '', '', '', 0, ''),
(1685, 43, 1, 0, '', '', '', '', '', 0, ''),
(1686, 43, 2, 0, '', '', '', '', '', 0, ''),
(1687, 43, 3, 0, '', '', '', '', '', 0, ''),
(1688, 43, 4, 0, '', '', '', '', '', 0, ''),
(1689, 43, 5, 0, '', '', '', '', '', 0, ''),
(1690, 43, 6, 0, '', '', '', '', '', 0, ''),
(1691, 43, 7, 0, '', '', '', '', '', 0, ''),
(1692, 43, 8, 0, '', '', '', '', '', 0, ''),
(1693, 43, 9, 0, '', '', '', '', '', 0, ''),
(1694, 43, 10, 0, '', '', '', '', '', 0, ''),
(1695, 43, 11, 0, '', '', '', '', '', 0, ''),
(1696, 43, 12, 0, '', '', '', '', '', 0, ''),
(1697, 43, 13, 0, '', '', '', '', '', 0, ''),
(1698, 43, 14, 0, '', '', '', '', '', 0, ''),
(1699, 43, 15, 0, '', '', '', '', '', 0, ''),
(1700, 43, 16, 0, '', '', '', '', '', 0, ''),
(1701, 43, 17, 0, '', '', '', '', '', 0, ''),
(1702, 43, 18, 0, '', '', '', '', '', 0, ''),
(1703, 43, 19, 0, '', '', '', '', '', 0, ''),
(1704, 43, 20, 0, '', '', '', '', '', 0, ''),
(1705, 43, 21, 0, '', '', '', '', '', 0, ''),
(1706, 43, 22, 0, '', '', '', '', '', 0, ''),
(1707, 43, 23, 0, '', '', '', '', '', 0, ''),
(1708, 43, 24, 0, '', '', '', '', '', 0, ''),
(1709, 43, 25, 0, '', '', '', '', '', 0, ''),
(1710, 43, 26, 0, '', '', '', '', '', 0, ''),
(1711, 43, 27, 0, '', '', '', '', '', 0, ''),
(1712, 43, 28, 0, '', '', '', '', '', 0, ''),
(1713, 43, 29, 0, '', '', '', '', '', 0, ''),
(1714, 43, 30, 0, '', '', '', '', '', 0, ''),
(1715, 43, 31, 0, '', '', '', '', '', 0, ''),
(1716, 43, 32, 0, '', '', '', '', '', 0, ''),
(1717, 43, 33, 0, '', '', '', '', '', 0, ''),
(1718, 43, 34, 0, '', '', '', '', '', 0, ''),
(1719, 43, 35, 0, '', '', '', '', '', 0, ''),
(1720, 43, 36, 0, '', '', '', '', '', 0, ''),
(1721, 43, 37, 0, '', '', '', '', '', 0, ''),
(1722, 43, 38, 0, '', '', '', '', '', 0, ''),
(1723, 43, 39, 0, '', '', '', '', '', 0, ''),
(1724, 43, 40, 0, '', '', '', '', '', 0, ''),
(1725, 44, 1, 0, '', '', '', '', '', 0, ''),
(1726, 44, 2, 0, '', '', '', '', '', 0, ''),
(1727, 44, 3, 0, '', '', '', '', '', 0, ''),
(1728, 44, 4, 0, '', '', '', '', '', 0, ''),
(1729, 44, 5, 0, '', '', '', '', '', 0, ''),
(1730, 44, 6, 0, '', '', '', '', '', 0, ''),
(1731, 44, 7, 0, '', '', '', '', '', 0, ''),
(1732, 44, 8, 0, '', '', '', '', '', 0, ''),
(1733, 44, 9, 0, '', '', '', '', '', 0, ''),
(1734, 44, 10, 0, '', '', '', '', '', 0, ''),
(1735, 44, 11, 0, '', '', '', '', '', 0, ''),
(1736, 44, 12, 0, '', '', '', '', '', 0, ''),
(1737, 44, 13, 0, '', '', '', '', '', 0, ''),
(1738, 44, 14, 0, '', '', '', '', '', 0, ''),
(1739, 44, 15, 0, '', '', '', '', '', 0, ''),
(1740, 44, 16, 0, '', '', '', '', '', 0, ''),
(1741, 44, 17, 0, '', '', '', '', '', 0, ''),
(1742, 44, 18, 0, '', '', '', '', '', 0, ''),
(1743, 44, 19, 0, '', '', '', '', '', 0, ''),
(1744, 44, 20, 0, '', '', '', '', '', 0, ''),
(1745, 44, 21, 0, '', '', '', '', '', 0, ''),
(1746, 44, 22, 0, '', '', '', '', '', 0, ''),
(1747, 44, 23, 0, '', '', '', '', '', 0, ''),
(1748, 44, 24, 0, '', '', '', '', '', 0, ''),
(1749, 44, 25, 0, '', '', '', '', '', 0, ''),
(1750, 44, 26, 0, '', '', '', '', '', 0, ''),
(1751, 44, 27, 0, '', '', '', '', '', 0, ''),
(1752, 44, 28, 0, '', '', '', '', '', 0, ''),
(1753, 44, 29, 0, '', '', '', '', '', 0, ''),
(1754, 44, 30, 0, '', '', '', '', '', 0, ''),
(1755, 44, 31, 0, '', '', '', '', '', 0, ''),
(1756, 44, 32, 0, '', '', '', '', '', 0, ''),
(1757, 44, 33, 0, '', '', '', '', '', 0, ''),
(1758, 44, 34, 0, '', '', '', '', '', 0, ''),
(1759, 44, 35, 0, '', '', '', '', '', 0, ''),
(1760, 44, 36, 0, '', '', '', '', '', 0, ''),
(1761, 44, 37, 0, '', '', '', '', '', 0, ''),
(1762, 44, 38, 0, '', '', '', '', '', 0, ''),
(1763, 44, 39, 0, '', '', '', '', '', 0, ''),
(1764, 44, 40, 0, '', '', '', '', '', 0, ''),
(1765, 45, 1, 0, '', '', '', '', '', 0, ''),
(1766, 45, 2, 0, '', '', '', '', '', 0, ''),
(1767, 45, 3, 0, '', '', '', '', '', 0, ''),
(1768, 45, 4, 0, '', '', '', '', '', 0, ''),
(1769, 45, 5, 0, '', '', '', '', '', 0, ''),
(1770, 45, 6, 0, '', '', '', '', '', 0, ''),
(1771, 45, 7, 0, '', '', '', '', '', 0, ''),
(1772, 45, 8, 0, '', '', '', '', '', 0, ''),
(1773, 45, 9, 0, '', '', '', '', '', 0, ''),
(1774, 45, 10, 0, '', '', '', '', '', 0, ''),
(1775, 45, 11, 0, '', '', '', '', '', 0, ''),
(1776, 45, 12, 0, '', '', '', '', '', 0, ''),
(1777, 45, 13, 0, '', '', '', '', '', 0, ''),
(1778, 45, 14, 0, '', '', '', '', '', 0, ''),
(1779, 45, 15, 0, '', '', '', '', '', 0, ''),
(1780, 45, 16, 0, '', '', '', '', '', 0, ''),
(1781, 45, 17, 0, '', '', '', '', '', 0, ''),
(1782, 45, 18, 0, '', '', '', '', '', 0, ''),
(1783, 45, 19, 0, '', '', '', '', '', 0, ''),
(1784, 45, 20, 0, '', '', '', '', '', 0, ''),
(1785, 45, 21, 0, '', '', '', '', '', 0, ''),
(1786, 45, 22, 0, '', '', '', '', '', 0, ''),
(1787, 45, 23, 0, '', '', '', '', '', 0, ''),
(1788, 45, 24, 0, '', '', '', '', '', 0, ''),
(1789, 45, 25, 0, '', '', '', '', '', 0, ''),
(1790, 45, 26, 0, '', '', '', '', '', 0, ''),
(1791, 45, 27, 0, '', '', '', '', '', 0, ''),
(1792, 45, 28, 0, '', '', '', '', '', 0, ''),
(1793, 45, 29, 0, '', '', '', '', '', 0, ''),
(1794, 45, 30, 0, '', '', '', '', '', 0, ''),
(1795, 45, 31, 0, '', '', '', '', '', 0, ''),
(1796, 45, 32, 0, '', '', '', '', '', 0, ''),
(1797, 45, 33, 0, '', '', '', '', '', 0, ''),
(1798, 45, 34, 0, '', '', '', '', '', 0, ''),
(1799, 45, 35, 0, '', '', '', '', '', 0, ''),
(1800, 45, 36, 0, '', '', '', '', '', 0, ''),
(1801, 45, 37, 0, '', '', '', '', '', 0, ''),
(1802, 45, 38, 0, '', '', '', '', '', 0, ''),
(1803, 45, 39, 0, '', '', '', '', '', 0, ''),
(1804, 45, 40, 0, '', '', '', '', '', 0, ''),
(1805, 46, 1, 0, '', '', '', '', '', 0, ''),
(1806, 46, 2, 0, '', '', '', '', '', 0, ''),
(1807, 46, 3, 0, '', '', '', '', '', 0, ''),
(1808, 46, 4, 0, '', '', '', '', '', 0, ''),
(1809, 46, 5, 0, '', '', '', '', '', 0, ''),
(1810, 46, 6, 0, '', '', '', '', '', 0, ''),
(1811, 46, 7, 0, '', '', '', '', '', 0, ''),
(1812, 46, 8, 0, '', '', '', '', '', 0, ''),
(1813, 46, 9, 0, '', '', '', '', '', 0, ''),
(1814, 46, 10, 0, '', '', '', '', '', 0, ''),
(1815, 46, 11, 0, '', '', '', '', '', 0, ''),
(1816, 46, 12, 0, '', '', '', '', '', 0, ''),
(1817, 46, 13, 0, '', '', '', '', '', 0, ''),
(1818, 46, 14, 0, '', '', '', '', '', 0, ''),
(1819, 46, 15, 0, '', '', '', '', '', 0, ''),
(1820, 46, 16, 0, '', '', '', '', '', 0, ''),
(1821, 46, 17, 0, '', '', '', '', '', 0, ''),
(1822, 46, 18, 0, '', '', '', '', '', 0, ''),
(1823, 46, 19, 0, '', '', '', '', '', 0, ''),
(1824, 46, 20, 0, '', '', '', '', '', 0, ''),
(1825, 46, 21, 0, '', '', '', '', '', 0, ''),
(1826, 46, 22, 0, '', '', '', '', '', 0, ''),
(1827, 46, 23, 0, '', '', '', '', '', 0, ''),
(1828, 46, 24, 0, '', '', '', '', '', 0, ''),
(1829, 46, 25, 0, '', '', '', '', '', 0, ''),
(1830, 46, 26, 0, '', '', '', '', '', 0, ''),
(1831, 46, 27, 0, '', '', '', '', '', 0, ''),
(1832, 46, 28, 0, '', '', '', '', '', 0, ''),
(1833, 46, 29, 0, '', '', '', '', '', 0, ''),
(1834, 46, 30, 0, '', '', '', '', '', 0, ''),
(1835, 46, 31, 0, '', '', '', '', '', 0, ''),
(1836, 46, 32, 0, '', '', '', '', '', 0, ''),
(1837, 46, 33, 0, '', '', '', '', '', 0, ''),
(1838, 46, 34, 0, '', '', '', '', '', 0, ''),
(1839, 46, 35, 0, '', '', '', '', '', 0, ''),
(1840, 46, 36, 0, '', '', '', '', '', 0, ''),
(1841, 46, 37, 0, '', '', '', '', '', 0, ''),
(1842, 46, 38, 0, '', '', '', '', '', 0, ''),
(1843, 46, 39, 0, '', '', '', '', '', 0, ''),
(1844, 46, 40, 0, '', '', '', '', '', 0, ''),
(1845, 47, 1, 0, '', '', '', '', '', 0, ''),
(1846, 47, 2, 0, '', '', '', '', '', 0, ''),
(1847, 47, 3, 0, '', '', '', '', '', 0, ''),
(1848, 47, 4, 0, '', '', '', '', '', 0, ''),
(1849, 47, 5, 0, '', '', '', '', '', 0, ''),
(1850, 47, 6, 0, '', '', '', '', '', 0, ''),
(1851, 47, 7, 0, '', '', '', '', '', 0, ''),
(1852, 47, 8, 0, '', '', '', '', '', 0, ''),
(1853, 47, 9, 0, '', '', '', '', '', 0, ''),
(1854, 47, 10, 0, '', '', '', '', '', 0, ''),
(1855, 47, 11, 0, '', '', '', '', '', 0, ''),
(1856, 47, 12, 0, '', '', '', '', '', 0, ''),
(1857, 47, 13, 0, '', '', '', '', '', 0, ''),
(1858, 47, 14, 0, '', '', '', '', '', 0, ''),
(1859, 47, 15, 0, '', '', '', '', '', 0, ''),
(1860, 47, 16, 0, '', '', '', '', '', 0, ''),
(1861, 47, 17, 0, '', '', '', '', '', 0, ''),
(1862, 47, 18, 0, '', '', '', '', '', 0, ''),
(1863, 47, 19, 0, '', '', '', '', '', 0, ''),
(1864, 47, 20, 0, '', '', '', '', '', 0, ''),
(1865, 47, 21, 0, '', '', '', '', '', 0, ''),
(1866, 47, 22, 0, '', '', '', '', '', 0, ''),
(1867, 47, 23, 0, '', '', '', '', '', 0, ''),
(1868, 47, 24, 0, '', '', '', '', '', 0, ''),
(1869, 47, 25, 0, '', '', '', '', '', 0, ''),
(1870, 47, 26, 0, '', '', '', '', '', 0, ''),
(1871, 47, 27, 0, '', '', '', '', '', 0, ''),
(1872, 47, 28, 0, '', '', '', '', '', 0, ''),
(1873, 47, 29, 0, '', '', '', '', '', 0, ''),
(1874, 47, 30, 0, '', '', '', '', '', 0, ''),
(1875, 47, 31, 0, '', '', '', '', '', 0, ''),
(1876, 47, 32, 0, '', '', '', '', '', 0, ''),
(1877, 47, 33, 0, '', '', '', '', '', 0, ''),
(1878, 47, 34, 0, '', '', '', '', '', 0, ''),
(1879, 47, 35, 0, '', '', '', '', '', 0, ''),
(1880, 47, 36, 0, '', '', '', '', '', 0, ''),
(1881, 47, 37, 0, '', '', '', '', '', 0, ''),
(1882, 47, 38, 0, '', '', '', '', '', 0, ''),
(1883, 47, 39, 0, '', '', '', '', '', 0, ''),
(1884, 47, 40, 0, '', '', '', '', '', 0, ''),
(1885, 48, 1, 0, '', '', '', '', '', 0, ''),
(1886, 48, 2, 0, '', '', '', '', '', 0, ''),
(1887, 48, 3, 0, '', '', '', '', '', 0, ''),
(1888, 48, 4, 0, '', '', '', '', '', 0, ''),
(1889, 48, 5, 0, '', '', '', '', '', 0, ''),
(1890, 48, 6, 0, '', '', '', '', '', 0, ''),
(1891, 48, 7, 0, '', '', '', '', '', 0, ''),
(1892, 48, 8, 0, '', '', '', '', '', 0, ''),
(1893, 48, 9, 0, '', '', '', '', '', 0, ''),
(1894, 48, 10, 0, '', '', '', '', '', 0, ''),
(1895, 48, 11, 0, '', '', '', '', '', 0, ''),
(1896, 48, 12, 0, '', '', '', '', '', 0, ''),
(1897, 48, 13, 0, '', '', '', '', '', 0, ''),
(1898, 48, 14, 0, '', '', '', '', '', 0, ''),
(1899, 48, 15, 0, '', '', '', '', '', 0, ''),
(1900, 48, 16, 0, '', '', '', '', '', 0, ''),
(1901, 48, 17, 0, '', '', '', '', '', 0, ''),
(1902, 48, 18, 0, '', '', '', '', '', 0, ''),
(1903, 48, 19, 0, '', '', '', '', '', 0, ''),
(1904, 48, 20, 0, '', '', '', '', '', 0, ''),
(1905, 48, 21, 0, '', '', '', '', '', 0, ''),
(1906, 48, 22, 0, '', '', '', '', '', 0, ''),
(1907, 48, 23, 0, '', '', '', '', '', 0, ''),
(1908, 48, 24, 0, '', '', '', '', '', 0, ''),
(1909, 48, 25, 0, '', '', '', '', '', 0, ''),
(1910, 48, 26, 0, '', '', '', '', '', 0, ''),
(1911, 48, 27, 0, '', '', '', '', '', 0, ''),
(1912, 48, 28, 0, '', '', '', '', '', 0, ''),
(1913, 48, 29, 0, '', '', '', '', '', 0, ''),
(1914, 48, 30, 0, '', '', '', '', '', 0, ''),
(1915, 48, 31, 0, '', '', '', '', '', 0, ''),
(1916, 48, 32, 0, '', '', '', '', '', 0, ''),
(1917, 48, 33, 0, '', '', '', '', '', 0, ''),
(1918, 48, 34, 0, '', '', '', '', '', 0, ''),
(1919, 48, 35, 0, '', '', '', '', '', 0, ''),
(1920, 48, 36, 0, '', '', '', '', '', 0, ''),
(1921, 48, 37, 0, '', '', '', '', '', 0, ''),
(1922, 48, 38, 0, '', '', '', '', '', 0, ''),
(1923, 48, 39, 0, '', '', '', '', '', 0, ''),
(1924, 48, 40, 0, '', '', '', '', '', 0, ''),
(1925, 49, 1, 0, '', '', '', '', '', 0, ''),
(1926, 49, 2, 0, '', '', '', '', '', 0, ''),
(1927, 49, 3, 0, '', '', '', '', '', 0, ''),
(1928, 49, 4, 0, '', '', '', '', '', 0, ''),
(1929, 49, 5, 0, '', '', '', '', '', 0, ''),
(1930, 49, 6, 0, '', '', '', '', '', 0, ''),
(1931, 49, 7, 0, '', '', '', '', '', 0, ''),
(1932, 49, 8, 0, '', '', '', '', '', 0, ''),
(1933, 49, 9, 0, '', '', '', '', '', 0, ''),
(1934, 49, 10, 0, '', '', '', '', '', 0, ''),
(1935, 49, 11, 0, '', '', '', '', '', 0, ''),
(1936, 49, 12, 0, '', '', '', '', '', 0, ''),
(1937, 49, 13, 0, '', '', '', '', '', 0, ''),
(1938, 49, 14, 0, '', '', '', '', '', 0, ''),
(1939, 49, 15, 0, '', '', '', '', '', 0, ''),
(1940, 49, 16, 0, '', '', '', '', '', 0, ''),
(1941, 49, 17, 0, '', '', '', '', '', 0, ''),
(1942, 49, 18, 0, '', '', '', '', '', 0, ''),
(1943, 49, 19, 0, '', '', '', '', '', 0, ''),
(1944, 49, 20, 0, '', '', '', '', '', 0, ''),
(1945, 49, 21, 0, '', '', '', '', '', 0, ''),
(1946, 49, 22, 0, '', '', '', '', '', 0, ''),
(1947, 49, 23, 0, '', '', '', '', '', 0, ''),
(1948, 49, 24, 0, '', '', '', '', '', 0, ''),
(1949, 49, 25, 0, '', '', '', '', '', 0, ''),
(1950, 49, 26, 0, '', '', '', '', '', 0, ''),
(1951, 49, 27, 0, '', '', '', '', '', 0, ''),
(1952, 49, 28, 0, '', '', '', '', '', 0, ''),
(1953, 49, 29, 0, '', '', '', '', '', 0, ''),
(1954, 49, 30, 0, '', '', '', '', '', 0, ''),
(1955, 49, 31, 0, '', '', '', '', '', 0, ''),
(1956, 49, 32, 0, '', '', '', '', '', 0, ''),
(1957, 49, 33, 0, '', '', '', '', '', 0, ''),
(1958, 49, 34, 0, '', '', '', '', '', 0, ''),
(1959, 49, 35, 0, '', '', '', '', '', 0, ''),
(1960, 49, 36, 0, '', '', '', '', '', 0, ''),
(1961, 49, 37, 0, '', '', '', '', '', 0, ''),
(1962, 49, 38, 0, '', '', '', '', '', 0, ''),
(1963, 49, 39, 0, '', '', '', '', '', 0, ''),
(1964, 49, 40, 0, '', '', '', '', '', 0, ''),
(1965, 50, 1, 0, '', '', '', '', '', 0, ''),
(1966, 50, 2, 0, '', '', '', '', '', 0, ''),
(1967, 50, 3, 0, '', '', '', '', '', 0, ''),
(1968, 50, 4, 0, '', '', '', '', '', 0, ''),
(1969, 50, 5, 0, '', '', '', '', '', 0, ''),
(1970, 50, 6, 0, '', '', '', '', '', 0, ''),
(1971, 50, 7, 0, '', '', '', '', '', 0, ''),
(1972, 50, 8, 0, '', '', '', '', '', 0, ''),
(1973, 50, 9, 0, '', '', '', '', '', 0, ''),
(1974, 50, 10, 0, '', '', '', '', '', 0, ''),
(1975, 50, 11, 0, '', '', '', '', '', 0, ''),
(1976, 50, 12, 0, '', '', '', '', '', 0, ''),
(1977, 50, 13, 0, '', '', '', '', '', 0, ''),
(1978, 50, 14, 0, '', '', '', '', '', 0, ''),
(1979, 50, 15, 0, '', '', '', '', '', 0, ''),
(1980, 50, 16, 0, '', '', '', '', '', 0, ''),
(1981, 50, 17, 0, '', '', '', '', '', 0, ''),
(1982, 50, 18, 0, '', '', '', '', '', 0, ''),
(1983, 50, 19, 0, '', '', '', '', '', 0, ''),
(1984, 50, 20, 0, '', '', '', '', '', 0, ''),
(1985, 50, 21, 0, '', '', '', '', '', 0, ''),
(1986, 50, 22, 0, '', '', '', '', '', 0, ''),
(1987, 50, 23, 0, '', '', '', '', '', 0, ''),
(1988, 50, 24, 0, '', '', '', '', '', 0, ''),
(1989, 50, 25, 0, '', '', '', '', '', 0, ''),
(1990, 50, 26, 0, '', '', '', '', '', 0, ''),
(1991, 50, 27, 0, '', '', '', '', '', 0, ''),
(1992, 50, 28, 0, '', '', '', '', '', 0, ''),
(1993, 50, 29, 0, '', '', '', '', '', 0, ''),
(1994, 50, 30, 0, '', '', '', '', '', 0, ''),
(1995, 50, 31, 0, '', '', '', '', '', 0, ''),
(1996, 50, 32, 0, '', '', '', '', '', 0, ''),
(1997, 50, 33, 0, '', '', '', '', '', 0, ''),
(1998, 50, 34, 0, '', '', '', '', '', 0, ''),
(1999, 50, 35, 0, '', '', '', '', '', 0, ''),
(2000, 50, 36, 0, '', '', '', '', '', 0, ''),
(2001, 50, 37, 0, '', '', '', '', '', 0, ''),
(2002, 50, 38, 0, '', '', '', '', '', 0, ''),
(2003, 50, 39, 0, '', '', '', '', '', 0, ''),
(2004, 50, 40, 0, '', '', '', '', '', 0, ''),
(2005, 51, 1, 0, '', '', '', '', '', 0, ''),
(2006, 51, 2, 0, '', '', '', '', '', 0, ''),
(2007, 51, 3, 0, '', '', '', '', '', 0, ''),
(2008, 51, 4, 0, '', '', '', '', '', 0, ''),
(2009, 51, 5, 0, '', '', '', '', '', 0, ''),
(2010, 51, 6, 0, '', '', '', '', '', 0, ''),
(2011, 51, 7, 0, '', '', '', '', '', 0, ''),
(2012, 51, 8, 0, '', '', '', '', '', 0, ''),
(2013, 51, 9, 0, '', '', '', '', '', 0, ''),
(2014, 51, 10, 0, '', '', '', '', '', 0, ''),
(2015, 51, 11, 0, '', '', '', '', '', 0, ''),
(2016, 51, 12, 0, '', '', '', '', '', 0, ''),
(2017, 51, 13, 0, '', '', '', '', '', 0, ''),
(2018, 51, 14, 0, '', '', '', '', '', 0, ''),
(2019, 51, 15, 0, '', '', '', '', '', 0, ''),
(2020, 51, 16, 0, '', '', '', '', '', 0, ''),
(2021, 51, 17, 0, '', '', '', '', '', 0, ''),
(2022, 51, 18, 0, '', '', '', '', '', 0, ''),
(2023, 51, 19, 0, '', '', '', '', '', 0, ''),
(2024, 51, 20, 0, '', '', '', '', '', 0, ''),
(2025, 51, 21, 0, '', '', '', '', '', 0, ''),
(2026, 51, 22, 0, '', '', '', '', '', 0, ''),
(2027, 51, 23, 0, '', '', '', '', '', 0, ''),
(2028, 51, 24, 0, '', '', '', '', '', 0, ''),
(2029, 51, 25, 0, '', '', '', '', '', 0, ''),
(2030, 51, 26, 0, '', '', '', '', '', 0, ''),
(2031, 51, 27, 0, '', '', '', '', '', 0, ''),
(2032, 51, 28, 0, '', '', '', '', '', 0, ''),
(2033, 51, 29, 0, '', '', '', '', '', 0, ''),
(2034, 51, 30, 0, '', '', '', '', '', 0, ''),
(2035, 51, 31, 0, '', '', '', '', '', 0, ''),
(2036, 51, 32, 0, '', '', '', '', '', 0, ''),
(2037, 51, 33, 0, '', '', '', '', '', 0, ''),
(2038, 51, 34, 0, '', '', '', '', '', 0, ''),
(2039, 51, 35, 0, '', '', '', '', '', 0, ''),
(2040, 51, 36, 0, '', '', '', '', '', 0, ''),
(2041, 51, 37, 0, '', '', '', '', '', 0, ''),
(2042, 51, 38, 0, '', '', '', '', '', 0, ''),
(2043, 51, 39, 0, '', '', '', '', '', 0, ''),
(2044, 51, 40, 0, '', '', '', '', '', 0, ''),
(2045, 52, 1, 0, '', '', '', '', '', 0, ''),
(2046, 52, 2, 0, '', '', '', '', '', 0, ''),
(2047, 52, 3, 0, '', '', '', '', '', 0, ''),
(2048, 52, 4, 0, '', '', '', '', '', 0, ''),
(2049, 52, 5, 0, '', '', '', '', '', 0, ''),
(2050, 52, 6, 0, '', '', '', '', '', 0, ''),
(2051, 52, 7, 0, '', '', '', '', '', 0, ''),
(2052, 52, 8, 0, '', '', '', '', '', 0, ''),
(2053, 52, 9, 0, '', '', '', '', '', 0, ''),
(2054, 52, 10, 0, '', '', '', '', '', 0, ''),
(2055, 52, 11, 0, '', '', '', '', '', 0, ''),
(2056, 52, 12, 0, '', '', '', '', '', 0, ''),
(2057, 52, 13, 0, '', '', '', '', '', 0, ''),
(2058, 52, 14, 0, '', '', '', '', '', 0, ''),
(2059, 52, 15, 0, '', '', '', '', '', 0, ''),
(2060, 52, 16, 0, '', '', '', '', '', 0, ''),
(2061, 52, 17, 0, '', '', '', '', '', 0, ''),
(2062, 52, 18, 0, '', '', '', '', '', 0, ''),
(2063, 52, 19, 0, '', '', '', '', '', 0, ''),
(2064, 52, 20, 0, '', '', '', '', '', 0, ''),
(2065, 52, 21, 0, '', '', '', '', '', 0, ''),
(2066, 52, 22, 0, '', '', '', '', '', 0, ''),
(2067, 52, 23, 0, '', '', '', '', '', 0, ''),
(2068, 52, 24, 0, '', '', '', '', '', 0, ''),
(2069, 52, 25, 0, '', '', '', '', '', 0, ''),
(2070, 52, 26, 0, '', '', '', '', '', 0, ''),
(2071, 52, 27, 0, '', '', '', '', '', 0, ''),
(2072, 52, 28, 0, '', '', '', '', '', 0, ''),
(2073, 52, 29, 0, '', '', '', '', '', 0, ''),
(2074, 52, 30, 0, '', '', '', '', '', 0, ''),
(2075, 52, 31, 0, '', '', '', '', '', 0, ''),
(2076, 52, 32, 0, '', '', '', '', '', 0, ''),
(2077, 52, 33, 0, '', '', '', '', '', 0, ''),
(2078, 52, 34, 0, '', '', '', '', '', 0, ''),
(2079, 52, 35, 0, '', '', '', '', '', 0, ''),
(2080, 52, 36, 0, '', '', '', '', '', 0, ''),
(2081, 52, 37, 0, '', '', '', '', '', 0, ''),
(2082, 52, 38, 0, '', '', '', '', '', 0, ''),
(2083, 52, 39, 0, '', '', '', '', '', 0, ''),
(2084, 52, 40, 0, '', '', '', '', '', 0, ''),
(2085, 53, 1, 0, '', '', '', '', '', 0, ''),
(2086, 53, 2, 0, '', '', '', '', '', 0, ''),
(2087, 53, 3, 0, '', '', '', '', '', 0, ''),
(2088, 53, 4, 0, '', '', '', '', '', 0, ''),
(2089, 53, 5, 0, '', '', '', '', '', 0, ''),
(2090, 53, 6, 0, '', '', '', '', '', 0, ''),
(2091, 53, 7, 0, '', '', '', '', '', 0, ''),
(2092, 53, 8, 0, '', '', '', '', '', 0, ''),
(2093, 53, 9, 0, '', '', '', '', '', 0, ''),
(2094, 53, 10, 0, '', '', '', '', '', 0, ''),
(2095, 53, 11, 0, '', '', '', '', '', 0, ''),
(2096, 53, 12, 0, '', '', '', '', '', 0, ''),
(2097, 53, 13, 0, '', '', '', '', '', 0, ''),
(2098, 53, 14, 0, '', '', '', '', '', 0, ''),
(2099, 53, 15, 0, '', '', '', '', '', 0, ''),
(2100, 53, 16, 0, '', '', '', '', '', 0, ''),
(2101, 53, 17, 0, '', '', '', '', '', 0, ''),
(2102, 53, 18, 0, '', '', '', '', '', 0, ''),
(2103, 53, 19, 0, '', '', '', '', '', 0, ''),
(2104, 53, 20, 0, '', '', '', '', '', 0, ''),
(2105, 53, 21, 0, '', '', '', '', '', 0, ''),
(2106, 53, 22, 0, '', '', '', '', '', 0, ''),
(2107, 53, 23, 0, '', '', '', '', '', 0, ''),
(2108, 53, 24, 0, '', '', '', '', '', 0, ''),
(2109, 53, 25, 0, '', '', '', '', '', 0, ''),
(2110, 53, 26, 0, '', '', '', '', '', 0, ''),
(2111, 53, 27, 0, '', '', '', '', '', 0, ''),
(2112, 53, 28, 0, '', '', '', '', '', 0, ''),
(2113, 53, 29, 0, '', '', '', '', '', 0, ''),
(2114, 53, 30, 0, '', '', '', '', '', 0, ''),
(2115, 53, 31, 0, '', '', '', '', '', 0, ''),
(2116, 53, 32, 0, '', '', '', '', '', 0, ''),
(2117, 53, 33, 0, '', '', '', '', '', 0, ''),
(2118, 53, 34, 0, '', '', '', '', '', 0, ''),
(2119, 53, 35, 0, '', '', '', '', '', 0, ''),
(2120, 53, 36, 0, '', '', '', '', '', 0, ''),
(2121, 53, 37, 0, '', '', '', '', '', 0, ''),
(2122, 53, 38, 0, '', '', '', '', '', 0, ''),
(2123, 53, 39, 0, '', '', '', '', '', 0, ''),
(2124, 53, 40, 0, '', '', '', '', '', 0, ''),
(2125, 54, 1, 0, '', '', '', '', '', 0, ''),
(2126, 54, 2, 0, '', '', '', '', '', 0, ''),
(2127, 54, 3, 0, '', '', '', '', '', 0, ''),
(2128, 54, 4, 0, '', '', '', '', '', 0, ''),
(2129, 54, 5, 0, '', '', '', '', '', 0, ''),
(2130, 54, 6, 0, '', '', '', '', '', 0, ''),
(2131, 54, 7, 0, '', '', '', '', '', 0, ''),
(2132, 54, 8, 0, '', '', '', '', '', 0, ''),
(2133, 54, 9, 0, '', '', '', '', '', 0, ''),
(2134, 54, 10, 0, '', '', '', '', '', 0, ''),
(2135, 54, 11, 0, '', '', '', '', '', 0, ''),
(2136, 54, 12, 0, '', '', '', '', '', 0, ''),
(2137, 54, 13, 0, '', '', '', '', '', 0, ''),
(2138, 54, 14, 0, '', '', '', '', '', 0, ''),
(2139, 54, 15, 0, '', '', '', '', '', 0, ''),
(2140, 54, 16, 0, '', '', '', '', '', 0, ''),
(2141, 54, 17, 0, '', '', '', '', '', 0, ''),
(2142, 54, 18, 0, '', '', '', '', '', 0, ''),
(2143, 54, 19, 0, '', '', '', '', '', 0, ''),
(2144, 54, 20, 0, '', '', '', '', '', 0, ''),
(2145, 54, 21, 0, '', '', '', '', '', 0, ''),
(2146, 54, 22, 0, '', '', '', '', '', 0, ''),
(2147, 54, 23, 0, '', '', '', '', '', 0, ''),
(2148, 54, 24, 0, '', '', '', '', '', 0, ''),
(2149, 54, 25, 0, '', '', '', '', '', 0, ''),
(2150, 54, 26, 0, '', '', '', '', '', 0, ''),
(2151, 54, 27, 0, '', '', '', '', '', 0, ''),
(2152, 54, 28, 0, '', '', '', '', '', 0, ''),
(2153, 54, 29, 0, '', '', '', '', '', 0, ''),
(2154, 54, 30, 0, '', '', '', '', '', 0, ''),
(2155, 54, 31, 0, '', '', '', '', '', 0, ''),
(2156, 54, 32, 0, '', '', '', '', '', 0, ''),
(2157, 54, 33, 0, '', '', '', '', '', 0, ''),
(2158, 54, 34, 0, '', '', '', '', '', 0, ''),
(2159, 54, 35, 0, '', '', '', '', '', 0, ''),
(2160, 54, 36, 0, '', '', '', '', '', 0, ''),
(2161, 54, 37, 0, '', '', '', '', '', 0, ''),
(2162, 54, 38, 0, '', '', '', '', '', 0, ''),
(2163, 54, 39, 0, '', '', '', '', '', 0, ''),
(2164, 54, 40, 0, '', '', '', '', '', 0, ''),
(2165, 55, 1, 0, '', '', '', '', '', 0, ''),
(2166, 55, 2, 0, '', '', '', '', '', 0, ''),
(2167, 55, 3, 0, '', '', '', '', '', 0, ''),
(2168, 55, 4, 0, '', '', '', '', '', 0, ''),
(2169, 55, 5, 0, '', '', '', '', '', 0, ''),
(2170, 55, 6, 0, '', '', '', '', '', 0, ''),
(2171, 55, 7, 0, '', '', '', '', '', 0, ''),
(2172, 55, 8, 0, '', '', '', '', '', 0, ''),
(2173, 55, 9, 0, '', '', '', '', '', 0, ''),
(2174, 55, 10, 0, '', '', '', '', '', 0, ''),
(2175, 55, 11, 0, '', '', '', '', '', 0, ''),
(2176, 55, 12, 0, '', '', '', '', '', 0, ''),
(2177, 55, 13, 0, '', '', '', '', '', 0, ''),
(2178, 55, 14, 0, '', '', '', '', '', 0, ''),
(2179, 55, 15, 0, '', '', '', '', '', 0, ''),
(2180, 55, 16, 0, '', '', '', '', '', 0, ''),
(2181, 55, 17, 0, '', '', '', '', '', 0, ''),
(2182, 55, 18, 0, '', '', '', '', '', 0, ''),
(2183, 55, 19, 0, '', '', '', '', '', 0, ''),
(2184, 55, 20, 0, '', '', '', '', '', 0, ''),
(2185, 55, 21, 0, '', '', '', '', '', 0, ''),
(2186, 55, 22, 0, '', '', '', '', '', 0, ''),
(2187, 55, 23, 0, '', '', '', '', '', 0, ''),
(2188, 55, 24, 0, '', '', '', '', '', 0, ''),
(2189, 55, 25, 0, '', '', '', '', '', 0, ''),
(2190, 55, 26, 0, '', '', '', '', '', 0, ''),
(2191, 55, 27, 0, '', '', '', '', '', 0, ''),
(2192, 55, 28, 0, '', '', '', '', '', 0, ''),
(2193, 55, 29, 0, '', '', '', '', '', 0, ''),
(2194, 55, 30, 0, '', '', '', '', '', 0, ''),
(2195, 55, 31, 0, '', '', '', '', '', 0, ''),
(2196, 55, 32, 0, '', '', '', '', '', 0, ''),
(2197, 55, 33, 0, '', '', '', '', '', 0, ''),
(2198, 55, 34, 0, '', '', '', '', '', 0, ''),
(2199, 55, 35, 0, '', '', '', '', '', 0, ''),
(2200, 55, 36, 0, '', '', '', '', '', 0, ''),
(2201, 55, 37, 0, '', '', '', '', '', 0, ''),
(2202, 55, 38, 0, '', '', '', '', '', 0, ''),
(2203, 55, 39, 0, '', '', '', '', '', 0, ''),
(2204, 55, 40, 0, '', '', '', '', '', 0, ''),
(2205, 56, 1, 0, '', '', '', '', '', 0, ''),
(2206, 56, 2, 19, 'wilson maina', '0716729066', 'Nairobi', 'Kisumu', 'dsjj13lk', 2, ''),
(2207, 56, 3, 0, '', '', '', '', '', 0, ''),
(2208, 56, 4, 0, '', '', '', '', '', 0, ''),
(2209, 56, 5, 0, '', '', '', '', '', 0, ''),
(2210, 56, 6, 0, '', '', '', '', '', 0, ''),
(2211, 56, 7, 0, '', '', '', '', '', 0, ''),
(2212, 56, 8, 0, '', '', '', '', '', 0, ''),
(2213, 56, 9, 0, '', '', '', '', '', 0, ''),
(2214, 56, 10, 0, '', '', '', '', '', 0, ''),
(2215, 56, 11, 0, '', '', '', '', '', 0, ''),
(2216, 56, 12, 0, '', '', '', '', '', 0, ''),
(2217, 56, 13, 0, '', '', '', '', '', 0, ''),
(2218, 56, 14, 0, '', '', '', '', '', 0, ''),
(2219, 56, 15, 0, '', '', '', '', '', 0, ''),
(2220, 56, 16, 0, '', '', '', '', '', 0, ''),
(2221, 56, 17, 0, '', '', '', '', '', 0, ''),
(2222, 56, 18, 0, '', '', '', '', '', 0, ''),
(2223, 56, 19, 0, '', '', '', '', '', 0, ''),
(2224, 56, 20, 0, '', '', '', '', '', 0, ''),
(2225, 56, 21, 0, '', '', '', '', '', 0, ''),
(2226, 56, 22, 0, '', '', '', '', '', 0, ''),
(2227, 56, 23, 0, '', '', '', '', '', 0, ''),
(2228, 56, 24, 0, '', '', '', '', '', 0, ''),
(2229, 56, 25, 0, '', '', '', '', '', 0, ''),
(2230, 56, 26, 0, '', '', '', '', '', 0, ''),
(2231, 56, 27, 0, '', '', '', '', '', 0, ''),
(2232, 56, 28, 0, '', '', '', '', '', 0, ''),
(2233, 56, 29, 0, '', '', '', '', '', 0, ''),
(2234, 56, 30, 0, '', '', '', '', '', 0, ''),
(2235, 56, 31, 0, '', '', '', '', '', 0, ''),
(2236, 56, 32, 0, '', '', '', '', '', 0, ''),
(2237, 56, 33, 0, '', '', '', '', '', 0, ''),
(2238, 56, 34, 0, '', '', '', '', '', 0, ''),
(2239, 56, 35, 0, '', '', '', '', '', 0, ''),
(2240, 56, 36, 0, '', '', '', '', '', 0, ''),
(2241, 56, 37, 0, '', '', '', '', '', 0, ''),
(2242, 56, 38, 0, '', '', '', '', '', 0, ''),
(2243, 56, 39, 0, '', '', '', '', '', 0, ''),
(2244, 56, 40, 0, '', '', '', '', '', 0, ''),
(2245, 57, 1, 0, '', '', '', '', '', 0, ''),
(2246, 57, 2, 0, '', '', '', '', '', 0, ''),
(2247, 57, 3, 0, '', '', '', '', '', 0, ''),
(2248, 57, 4, 0, '', '', '', '', '', 0, ''),
(2249, 57, 5, 0, '', '', '', '', '', 0, ''),
(2250, 57, 6, 0, '', '', '', '', '', 0, ''),
(2251, 57, 7, 0, '', '', '', '', '', 0, ''),
(2252, 57, 8, 0, '', '', '', '', '', 0, ''),
(2253, 57, 9, 0, '', '', '', '', '', 0, ''),
(2254, 57, 10, 0, '', '', '', '', '', 0, ''),
(2255, 57, 11, 0, '', '', '', '', '', 0, ''),
(2256, 57, 12, 0, '', '', '', '', '', 0, ''),
(2257, 57, 13, 0, '', '', '', '', '', 0, ''),
(2258, 57, 14, 0, '', '', '', '', '', 0, ''),
(2259, 57, 15, 0, '', '', '', '', '', 0, ''),
(2260, 57, 16, 0, '', '', '', '', '', 0, ''),
(2261, 57, 17, 0, '', '', '', '', '', 0, ''),
(2262, 57, 18, 0, '', '', '', '', '', 0, ''),
(2263, 57, 19, 0, '', '', '', '', '', 0, ''),
(2264, 57, 20, 0, '', '', '', '', '', 0, ''),
(2265, 57, 21, 0, '', '', '', '', '', 0, ''),
(2266, 57, 22, 0, '', '', '', '', '', 0, ''),
(2267, 57, 23, 0, '', '', '', '', '', 0, ''),
(2268, 57, 24, 0, '', '', '', '', '', 0, ''),
(2269, 57, 25, 0, '', '', '', '', '', 0, ''),
(2270, 57, 26, 0, '', '', '', '', '', 0, ''),
(2271, 57, 27, 0, '', '', '', '', '', 0, ''),
(2272, 57, 28, 0, '', '', '', '', '', 0, ''),
(2273, 57, 29, 0, '', '', '', '', '', 0, ''),
(2274, 57, 30, 0, '', '', '', '', '', 0, ''),
(2275, 57, 31, 0, '', '', '', '', '', 0, ''),
(2276, 57, 32, 0, '', '', '', '', '', 0, ''),
(2277, 57, 33, 0, '', '', '', '', '', 0, ''),
(2278, 57, 34, 0, '', '', '', '', '', 0, ''),
(2279, 57, 35, 0, '', '', '', '', '', 0, ''),
(2280, 57, 36, 0, '', '', '', '', '', 0, ''),
(2281, 57, 37, 0, '', '', '', '', '', 0, ''),
(2282, 57, 38, 0, '', '', '', '', '', 0, ''),
(2283, 57, 39, 0, '', '', '', '', '', 0, ''),
(2284, 57, 40, 0, '', '', '', '', '', 0, ''),
(2285, 58, 1, 0, '', '', '', '', '', 0, ''),
(2286, 58, 2, 0, '', '', '', '', '', 0, ''),
(2287, 58, 3, 0, '', '', '', '', '', 0, ''),
(2288, 58, 4, 0, '', '', '', '', '', 0, ''),
(2289, 58, 5, 0, '', '', '', '', '', 0, ''),
(2290, 58, 6, 0, '', '', '', '', '', 0, ''),
(2291, 58, 7, 0, '', '', '', '', '', 0, ''),
(2292, 58, 8, 0, '', '', '', '', '', 0, ''),
(2293, 58, 9, 0, '', '', '', '', '', 0, ''),
(2294, 58, 10, 0, '', '', '', '', '', 0, ''),
(2295, 58, 11, 0, '', '', '', '', '', 0, ''),
(2296, 58, 12, 0, '', '', '', '', '', 0, ''),
(2297, 58, 13, 0, '', '', '', '', '', 0, ''),
(2298, 58, 14, 0, '', '', '', '', '', 0, ''),
(2299, 58, 15, 0, '', '', '', '', '', 0, ''),
(2300, 58, 16, 0, '', '', '', '', '', 0, ''),
(2301, 58, 17, 0, '', '', '', '', '', 0, ''),
(2302, 58, 18, 0, '', '', '', '', '', 0, ''),
(2303, 58, 19, 0, '', '', '', '', '', 0, ''),
(2304, 58, 20, 0, '', '', '', '', '', 0, ''),
(2305, 58, 21, 0, '', '', '', '', '', 0, ''),
(2306, 58, 22, 0, '', '', '', '', '', 0, '');
INSERT INTO `seat_details` (`id`, `busid`, `seatid`, `uid`, `pname`, `pmobile`, `start`, `depart`, `trxid`, `status`, `note`) VALUES
(2307, 58, 23, 0, '', '', '', '', '', 0, ''),
(2308, 58, 24, 0, '', '', '', '', '', 0, ''),
(2309, 58, 25, 0, '', '', '', '', '', 0, ''),
(2310, 58, 26, 0, '', '', '', '', '', 0, ''),
(2311, 58, 27, 0, '', '', '', '', '', 0, ''),
(2312, 58, 28, 0, '', '', '', '', '', 0, ''),
(2313, 58, 29, 0, '', '', '', '', '', 0, ''),
(2314, 58, 30, 0, '', '', '', '', '', 0, ''),
(2315, 58, 31, 0, '', '', '', '', '', 0, ''),
(2316, 58, 32, 0, '', '', '', '', '', 0, ''),
(2317, 58, 33, 0, '', '', '', '', '', 0, ''),
(2318, 58, 34, 0, '', '', '', '', '', 0, ''),
(2319, 58, 35, 0, '', '', '', '', '', 0, ''),
(2320, 58, 36, 0, '', '', '', '', '', 0, ''),
(2321, 58, 37, 0, '', '', '', '', '', 0, ''),
(2322, 58, 38, 0, '', '', '', '', '', 0, ''),
(2323, 58, 39, 0, '', '', '', '', '', 0, ''),
(2324, 58, 40, 0, '', '', '', '', '', 0, ''),
(2325, 59, 1, 0, '', '', '', '', '', 0, ''),
(2326, 59, 2, 0, '', '', '', '', '', 0, ''),
(2327, 59, 3, 0, '', '', '', '', '', 0, ''),
(2328, 59, 4, 0, '', '', '', '', '', 0, ''),
(2329, 59, 5, 0, '', '', '', '', '', 0, ''),
(2330, 59, 6, 0, '', '', '', '', '', 0, ''),
(2331, 59, 7, 0, '', '', '', '', '', 0, ''),
(2332, 59, 8, 0, '', '', '', '', '', 0, ''),
(2333, 59, 9, 0, '', '', '', '', '', 0, ''),
(2334, 59, 10, 0, '', '', '', '', '', 0, ''),
(2335, 59, 11, 0, '', '', '', '', '', 0, ''),
(2336, 59, 12, 0, '', '', '', '', '', 0, ''),
(2337, 59, 13, 0, '', '', '', '', '', 0, ''),
(2338, 59, 14, 0, '', '', '', '', '', 0, ''),
(2339, 59, 15, 0, '', '', '', '', '', 0, ''),
(2340, 59, 16, 0, '', '', '', '', '', 0, ''),
(2341, 59, 17, 0, '', '', '', '', '', 0, ''),
(2342, 59, 18, 0, '', '', '', '', '', 0, ''),
(2343, 59, 19, 0, '', '', '', '', '', 0, ''),
(2344, 59, 20, 0, '', '', '', '', '', 0, ''),
(2345, 59, 21, 0, '', '', '', '', '', 0, ''),
(2346, 59, 22, 0, '', '', '', '', '', 0, ''),
(2347, 59, 23, 0, '', '', '', '', '', 0, ''),
(2348, 59, 24, 0, '', '', '', '', '', 0, ''),
(2349, 59, 25, 0, '', '', '', '', '', 0, ''),
(2350, 59, 26, 0, '', '', '', '', '', 0, ''),
(2351, 59, 27, 0, '', '', '', '', '', 0, ''),
(2352, 59, 28, 0, '', '', '', '', '', 0, ''),
(2353, 59, 29, 0, '', '', '', '', '', 0, ''),
(2354, 59, 30, 0, '', '', '', '', '', 0, ''),
(2355, 59, 31, 0, '', '', '', '', '', 0, ''),
(2356, 59, 32, 0, '', '', '', '', '', 0, ''),
(2357, 59, 33, 0, '', '', '', '', '', 0, ''),
(2358, 59, 34, 0, '', '', '', '', '', 0, ''),
(2359, 59, 35, 0, '', '', '', '', '', 0, ''),
(2360, 59, 36, 0, '', '', '', '', '', 0, ''),
(2361, 59, 37, 0, '', '', '', '', '', 0, ''),
(2362, 59, 38, 0, '', '', '', '', '', 0, ''),
(2363, 59, 39, 0, '', '', '', '', '', 0, ''),
(2364, 59, 40, 0, '', '', '', '', '', 0, ''),
(2365, 60, 1, 19, 'wilson maina', '0716729066', 'Nairobi', 'Kisumu', '', 2, ''),
(2366, 60, 2, 19, 'wilson maina', '0716729066', 'Nairobi', 'Kisumu', '', 2, ''),
(2367, 60, 3, 0, '', '', '', '', '', 0, ''),
(2368, 60, 4, 0, '', '', '', '', '', 0, ''),
(2369, 60, 5, 0, '', '', '', '', '', 0, ''),
(2370, 60, 6, 0, '', '', '', '', '', 0, ''),
(2371, 60, 7, 0, '', '', '', '', '', 0, ''),
(2372, 60, 8, 0, '', '', '', '', '', 0, ''),
(2373, 60, 9, 0, '', '', '', '', '', 0, ''),
(2374, 60, 10, 0, '', '', '', '', '', 0, ''),
(2375, 60, 11, 0, '', '', '', '', '', 0, ''),
(2376, 60, 12, 0, '', '', '', '', '', 0, ''),
(2377, 60, 13, 0, '', '', '', '', '', 0, ''),
(2378, 60, 14, 0, '', '', '', '', '', 0, ''),
(2379, 60, 15, 0, '', '', '', '', '', 0, ''),
(2380, 60, 16, 0, '', '', '', '', '', 0, ''),
(2381, 60, 17, 0, '', '', '', '', '', 0, ''),
(2382, 60, 18, 0, '', '', '', '', '', 0, ''),
(2383, 60, 19, 0, '', '', '', '', '', 0, ''),
(2384, 60, 20, 0, '', '', '', '', '', 0, ''),
(2385, 60, 21, 0, '', '', '', '', '', 0, ''),
(2386, 60, 22, 0, '', '', '', '', '', 0, ''),
(2387, 60, 23, 0, '', '', '', '', '', 0, ''),
(2388, 60, 24, 0, '', '', '', '', '', 0, ''),
(2389, 60, 25, 0, '', '', '', '', '', 0, ''),
(2390, 60, 26, 0, '', '', '', '', '', 0, ''),
(2391, 60, 27, 0, '', '', '', '', '', 0, ''),
(2392, 60, 28, 0, '', '', '', '', '', 0, ''),
(2393, 60, 29, 0, '', '', '', '', '', 0, ''),
(2394, 60, 30, 0, '', '', '', '', '', 0, ''),
(2395, 60, 31, 0, '', '', '', '', '', 0, ''),
(2396, 60, 32, 0, '', '', '', '', '', 0, ''),
(2397, 60, 33, 0, '', '', '', '', '', 0, ''),
(2398, 60, 34, 0, '', '', '', '', '', 0, ''),
(2399, 60, 35, 0, '', '', '', '', '', 0, ''),
(2400, 60, 36, 0, '', '', '', '', '', 0, ''),
(2401, 60, 37, 0, '', '', '', '', '', 0, ''),
(2402, 60, 38, 0, '', '', '', '', '', 0, ''),
(2403, 60, 39, 0, '', '', '', '', '', 0, ''),
(2404, 60, 40, 0, '', '', '', '', '', 0, ''),
(2405, 61, 1, 0, '', '', '', '', '', 0, ''),
(2406, 61, 2, 0, '', '', '', '', '', 0, ''),
(2407, 61, 3, 0, '', '', '', '', '', 0, ''),
(2408, 61, 4, 0, '', '', '', '', '', 0, ''),
(2409, 61, 5, 0, '', '', '', '', '', 0, ''),
(2410, 61, 6, 0, '', '', '', '', '', 0, ''),
(2411, 61, 7, 0, '', '', '', '', '', 0, ''),
(2412, 61, 8, 0, '', '', '', '', '', 0, ''),
(2413, 61, 9, 0, '', '', '', '', '', 0, ''),
(2414, 61, 10, 0, '', '', '', '', '', 0, ''),
(2415, 61, 11, 0, '', '', '', '', '', 0, ''),
(2416, 61, 12, 0, '', '', '', '', '', 0, ''),
(2417, 61, 13, 0, '', '', '', '', '', 0, ''),
(2418, 61, 14, 0, '', '', '', '', '', 0, ''),
(2419, 61, 15, 0, '', '', '', '', '', 0, ''),
(2420, 61, 16, 0, '', '', '', '', '', 0, ''),
(2421, 61, 17, 0, '', '', '', '', '', 0, ''),
(2422, 61, 18, 0, '', '', '', '', '', 0, ''),
(2423, 61, 19, 0, '', '', '', '', '', 0, ''),
(2424, 61, 20, 0, '', '', '', '', '', 0, ''),
(2425, 61, 21, 0, '', '', '', '', '', 0, ''),
(2426, 61, 22, 0, '', '', '', '', '', 0, ''),
(2427, 61, 23, 0, '', '', '', '', '', 0, ''),
(2428, 61, 24, 0, '', '', '', '', '', 0, ''),
(2429, 61, 25, 0, '', '', '', '', '', 0, ''),
(2430, 61, 26, 0, '', '', '', '', '', 0, ''),
(2431, 61, 27, 0, '', '', '', '', '', 0, ''),
(2432, 61, 28, 0, '', '', '', '', '', 0, ''),
(2433, 61, 29, 0, '', '', '', '', '', 0, ''),
(2434, 61, 30, 0, '', '', '', '', '', 0, ''),
(2435, 61, 31, 0, '', '', '', '', '', 0, ''),
(2436, 61, 32, 0, '', '', '', '', '', 0, ''),
(2437, 61, 33, 0, '', '', '', '', '', 0, ''),
(2438, 61, 34, 0, '', '', '', '', '', 0, ''),
(2439, 61, 35, 0, '', '', '', '', '', 0, ''),
(2440, 61, 36, 0, '', '', '', '', '', 0, ''),
(2441, 61, 37, 0, '', '', '', '', '', 0, ''),
(2442, 61, 38, 0, '', '', '', '', '', 0, ''),
(2443, 61, 39, 0, '', '', '', '', '', 0, ''),
(2444, 61, 40, 0, '', '', '', '', '', 0, ''),
(2445, 62, 1, 0, '', '', '', '', '', 0, ''),
(2446, 62, 2, 0, '', '', '', '', '', 0, ''),
(2447, 62, 3, 0, '', '', '', '', '', 0, ''),
(2448, 62, 4, 0, '', '', '', '', '', 0, ''),
(2449, 62, 5, 0, '', '', '', '', '', 0, ''),
(2450, 62, 6, 0, '', '', '', '', '', 0, ''),
(2451, 62, 7, 0, '', '', '', '', '', 0, ''),
(2452, 62, 8, 0, '', '', '', '', '', 0, ''),
(2453, 62, 9, 0, '', '', '', '', '', 0, ''),
(2454, 62, 10, 0, '', '', '', '', '', 0, ''),
(2455, 62, 11, 0, '', '', '', '', '', 0, ''),
(2456, 62, 12, 0, '', '', '', '', '', 0, ''),
(2457, 62, 13, 0, '', '', '', '', '', 0, ''),
(2458, 62, 14, 0, '', '', '', '', '', 0, ''),
(2459, 62, 15, 0, '', '', '', '', '', 0, ''),
(2460, 62, 16, 0, '', '', '', '', '', 0, ''),
(2461, 62, 17, 0, '', '', '', '', '', 0, ''),
(2462, 62, 18, 0, '', '', '', '', '', 0, ''),
(2463, 62, 19, 0, '', '', '', '', '', 0, ''),
(2464, 62, 20, 0, '', '', '', '', '', 0, ''),
(2465, 62, 21, 0, '', '', '', '', '', 0, ''),
(2466, 62, 22, 0, '', '', '', '', '', 0, ''),
(2467, 62, 23, 0, '', '', '', '', '', 0, ''),
(2468, 62, 24, 0, '', '', '', '', '', 0, ''),
(2469, 62, 25, 0, '', '', '', '', '', 0, ''),
(2470, 62, 26, 0, '', '', '', '', '', 0, ''),
(2471, 62, 27, 0, '', '', '', '', '', 0, ''),
(2472, 62, 28, 0, '', '', '', '', '', 0, ''),
(2473, 62, 29, 0, '', '', '', '', '', 0, ''),
(2474, 62, 30, 0, '', '', '', '', '', 0, ''),
(2475, 62, 31, 0, '', '', '', '', '', 0, ''),
(2476, 62, 32, 0, '', '', '', '', '', 0, ''),
(2477, 62, 33, 0, '', '', '', '', '', 0, ''),
(2478, 62, 34, 0, '', '', '', '', '', 0, ''),
(2479, 62, 35, 0, '', '', '', '', '', 0, ''),
(2480, 62, 36, 0, '', '', '', '', '', 0, ''),
(2481, 62, 37, 0, '', '', '', '', '', 0, ''),
(2482, 62, 38, 0, '', '', '', '', '', 0, ''),
(2483, 62, 39, 0, '', '', '', '', '', 0, ''),
(2484, 62, 40, 0, '', '', '', '', '', 0, ''),
(2485, 63, 1, 0, '', '', '', '', '', 0, ''),
(2486, 63, 2, 0, '', '', '', '', '', 0, ''),
(2487, 63, 3, 0, '', '', '', '', '', 0, ''),
(2488, 63, 4, 0, '', '', '', '', '', 0, ''),
(2489, 63, 5, 0, '', '', '', '', '', 0, ''),
(2490, 63, 6, 0, '', '', '', '', '', 0, ''),
(2491, 63, 7, 0, '', '', '', '', '', 0, ''),
(2492, 63, 8, 0, '', '', '', '', '', 0, ''),
(2493, 63, 9, 0, '', '', '', '', '', 0, ''),
(2494, 63, 10, 0, '', '', '', '', '', 0, ''),
(2495, 63, 11, 0, '', '', '', '', '', 0, ''),
(2496, 63, 12, 0, '', '', '', '', '', 0, ''),
(2497, 63, 13, 0, '', '', '', '', '', 0, ''),
(2498, 63, 14, 0, '', '', '', '', '', 0, ''),
(2499, 63, 15, 0, '', '', '', '', '', 0, ''),
(2500, 63, 16, 0, '', '', '', '', '', 0, ''),
(2501, 63, 17, 0, '', '', '', '', '', 0, ''),
(2502, 63, 18, 0, '', '', '', '', '', 0, ''),
(2503, 63, 19, 0, '', '', '', '', '', 0, ''),
(2504, 63, 20, 0, '', '', '', '', '', 0, ''),
(2505, 63, 21, 0, '', '', '', '', '', 0, ''),
(2506, 63, 22, 0, '', '', '', '', '', 0, ''),
(2507, 63, 23, 0, '', '', '', '', '', 0, ''),
(2508, 63, 24, 0, '', '', '', '', '', 0, ''),
(2509, 63, 25, 0, '', '', '', '', '', 0, ''),
(2510, 63, 26, 0, '', '', '', '', '', 0, ''),
(2511, 63, 27, 0, '', '', '', '', '', 0, ''),
(2512, 63, 28, 0, '', '', '', '', '', 0, ''),
(2513, 63, 29, 0, '', '', '', '', '', 0, ''),
(2514, 63, 30, 0, '', '', '', '', '', 0, ''),
(2515, 63, 31, 0, '', '', '', '', '', 0, ''),
(2516, 63, 32, 0, '', '', '', '', '', 0, ''),
(2517, 63, 33, 0, '', '', '', '', '', 0, ''),
(2518, 63, 34, 0, '', '', '', '', '', 0, ''),
(2519, 63, 35, 0, '', '', '', '', '', 0, ''),
(2520, 63, 36, 0, '', '', '', '', '', 0, ''),
(2521, 63, 37, 0, '', '', '', '', '', 0, ''),
(2522, 63, 38, 0, '', '', '', '', '', 0, ''),
(2523, 63, 39, 0, '', '', '', '', '', 0, ''),
(2524, 63, 40, 0, '', '', '', '', '', 0, ''),
(2525, 64, 1, 0, '', '', '', '', '', 0, ''),
(2526, 64, 2, 19, 'wilson maina', '0716729066', 'Nairobi', 'Kisumu', '', 2, ''),
(2527, 64, 3, 19, 'wilson maina', '0716729066', '', '', '', 2, ''),
(2528, 64, 4, 0, '', '', '', '', '', 0, ''),
(2529, 64, 5, 0, '', '', '', '', '', 0, ''),
(2530, 64, 6, 0, '', '', '', '', '', 0, ''),
(2531, 64, 7, 19, 'wilson maina', '0716729066', '', '', '', 2, ''),
(2532, 64, 8, 0, '', '', '', '', '', 0, ''),
(2533, 64, 9, 0, '', '', '', '', '', 0, ''),
(2534, 64, 10, 0, '', '', '', '', '', 0, ''),
(2535, 64, 11, 0, '', '', '', '', '', 0, ''),
(2536, 64, 12, 0, '', '', '', '', '', 0, ''),
(2537, 64, 13, 0, '', '', '', '', '', 0, ''),
(2538, 64, 14, 0, '', '', '', '', '', 0, ''),
(2539, 64, 15, 0, '', '', '', '', '', 0, ''),
(2540, 64, 16, 0, '', '', '', '', '', 0, ''),
(2541, 64, 17, 0, '', '', '', '', '', 0, ''),
(2542, 64, 18, 0, '', '', '', '', '', 0, ''),
(2543, 64, 19, 0, '', '', '', '', '', 0, ''),
(2544, 64, 20, 0, '', '', '', '', '', 0, ''),
(2545, 64, 21, 0, '', '', '', '', '', 0, ''),
(2546, 64, 22, 0, '', '', '', '', '', 0, ''),
(2547, 64, 23, 0, '', '', '', '', '', 0, ''),
(2548, 64, 24, 0, '', '', '', '', '', 0, ''),
(2549, 64, 25, 0, '', '', '', '', '', 0, ''),
(2550, 64, 26, 0, '', '', '', '', '', 0, ''),
(2551, 64, 27, 0, '', '', '', '', '', 0, ''),
(2552, 64, 28, 0, '', '', '', '', '', 0, ''),
(2553, 64, 29, 0, '', '', '', '', '', 0, ''),
(2554, 64, 30, 0, '', '', '', '', '', 0, ''),
(2555, 64, 31, 0, '', '', '', '', '', 0, ''),
(2556, 64, 32, 0, '', '', '', '', '', 0, ''),
(2557, 64, 33, 0, '', '', '', '', '', 0, ''),
(2558, 64, 34, 0, '', '', '', '', '', 0, ''),
(2559, 64, 35, 0, '', '', '', '', '', 0, ''),
(2560, 64, 36, 0, '', '', '', '', '', 0, ''),
(2561, 64, 37, 0, '', '', '', '', '', 0, ''),
(2562, 64, 38, 0, '', '', '', '', '', 0, ''),
(2563, 64, 39, 0, '', '', '', '', '', 0, ''),
(2564, 64, 40, 0, '', '', '', '', '', 0, ''),
(2565, 65, 1, 0, '', '', '', '', '', 0, ''),
(2566, 65, 2, 0, '', '', '', '', '', 0, ''),
(2567, 65, 3, 0, '', '', '', '', '', 0, ''),
(2568, 65, 4, 0, '', '', '', '', '', 0, ''),
(2569, 65, 5, 0, '', '', '', '', '', 0, ''),
(2570, 65, 6, 0, '', '', '', '', '', 0, ''),
(2571, 65, 7, 0, '', '', '', '', '', 0, ''),
(2572, 65, 8, 0, '', '', '', '', '', 0, ''),
(2573, 65, 9, 0, '', '', '', '', '', 0, ''),
(2574, 65, 10, 0, '', '', '', '', '', 0, ''),
(2575, 65, 11, 0, '', '', '', '', '', 0, ''),
(2576, 65, 12, 0, '', '', '', '', '', 0, ''),
(2577, 65, 13, 0, '', '', '', '', '', 0, ''),
(2578, 65, 14, 0, '', '', '', '', '', 0, ''),
(2579, 65, 15, 0, '', '', '', '', '', 0, ''),
(2580, 65, 16, 0, '', '', '', '', '', 0, ''),
(2581, 65, 17, 0, '', '', '', '', '', 0, ''),
(2582, 65, 18, 0, '', '', '', '', '', 0, ''),
(2583, 65, 19, 0, '', '', '', '', '', 0, ''),
(2584, 65, 20, 0, '', '', '', '', '', 0, ''),
(2585, 65, 21, 0, '', '', '', '', '', 0, ''),
(2586, 65, 22, 0, '', '', '', '', '', 0, ''),
(2587, 65, 23, 0, '', '', '', '', '', 0, ''),
(2588, 65, 24, 0, '', '', '', '', '', 0, ''),
(2589, 65, 25, 0, '', '', '', '', '', 0, ''),
(2590, 65, 26, 0, '', '', '', '', '', 0, ''),
(2591, 65, 27, 0, '', '', '', '', '', 0, ''),
(2592, 65, 28, 0, '', '', '', '', '', 0, ''),
(2593, 65, 29, 0, '', '', '', '', '', 0, ''),
(2594, 65, 30, 0, '', '', '', '', '', 0, ''),
(2595, 65, 31, 0, '', '', '', '', '', 0, ''),
(2596, 65, 32, 0, '', '', '', '', '', 0, ''),
(2597, 65, 33, 0, '', '', '', '', '', 0, ''),
(2598, 65, 34, 0, '', '', '', '', '', 0, ''),
(2599, 65, 35, 0, '', '', '', '', '', 0, ''),
(2600, 65, 36, 0, '', '', '', '', '', 0, ''),
(2601, 65, 37, 0, '', '', '', '', '', 0, ''),
(2602, 65, 38, 0, '', '', '', '', '', 0, ''),
(2603, 65, 39, 0, '', '', '', '', '', 0, ''),
(2604, 65, 40, 0, '', '', '', '', '', 0, ''),
(2605, 66, 1, 0, '', '', '', '', '', 0, ''),
(2606, 66, 2, 0, '', '', '', '', '', 0, ''),
(2607, 66, 3, 0, '', '', '', '', '', 0, ''),
(2608, 66, 4, 0, '', '', '', '', '', 0, ''),
(2609, 66, 5, 0, '', '', '', '', '', 0, ''),
(2610, 66, 6, 0, '', '', '', '', '', 0, ''),
(2611, 66, 7, 0, '', '', '', '', '', 0, ''),
(2612, 66, 8, 0, '', '', '', '', '', 0, ''),
(2613, 66, 9, 0, '', '', '', '', '', 0, ''),
(2614, 66, 10, 0, '', '', '', '', '', 0, ''),
(2615, 66, 11, 0, '', '', '', '', '', 0, ''),
(2616, 66, 12, 0, '', '', '', '', '', 0, ''),
(2617, 66, 13, 0, '', '', '', '', '', 0, ''),
(2618, 66, 14, 0, '', '', '', '', '', 0, ''),
(2619, 66, 15, 0, '', '', '', '', '', 0, ''),
(2620, 66, 16, 0, '', '', '', '', '', 0, ''),
(2621, 66, 17, 0, '', '', '', '', '', 0, ''),
(2622, 66, 18, 0, '', '', '', '', '', 0, ''),
(2623, 66, 19, 0, '', '', '', '', '', 0, ''),
(2624, 66, 20, 0, '', '', '', '', '', 0, ''),
(2625, 66, 21, 0, '', '', '', '', '', 0, ''),
(2626, 66, 22, 0, '', '', '', '', '', 0, ''),
(2627, 66, 23, 0, '', '', '', '', '', 0, ''),
(2628, 66, 24, 0, '', '', '', '', '', 0, ''),
(2629, 66, 25, 0, '', '', '', '', '', 0, ''),
(2630, 66, 26, 0, '', '', '', '', '', 0, ''),
(2631, 66, 27, 0, '', '', '', '', '', 0, ''),
(2632, 66, 28, 0, '', '', '', '', '', 0, ''),
(2633, 66, 29, 0, '', '', '', '', '', 0, ''),
(2634, 66, 30, 0, '', '', '', '', '', 0, ''),
(2635, 66, 31, 0, '', '', '', '', '', 0, ''),
(2636, 66, 32, 0, '', '', '', '', '', 0, ''),
(2637, 66, 33, 0, '', '', '', '', '', 0, ''),
(2638, 66, 34, 0, '', '', '', '', '', 0, ''),
(2639, 66, 35, 0, '', '', '', '', '', 0, ''),
(2640, 66, 36, 0, '', '', '', '', '', 0, ''),
(2641, 66, 37, 0, '', '', '', '', '', 0, ''),
(2642, 66, 38, 0, '', '', '', '', '', 0, ''),
(2643, 66, 39, 0, '', '', '', '', '', 0, ''),
(2644, 66, 40, 0, '', '', '', '', '', 0, ''),
(2645, 67, 1, 0, '', '', '', '', '', 0, ''),
(2646, 67, 2, 0, '', '', '', '', '', 0, ''),
(2647, 67, 3, 0, '', '', '', '', '', 0, ''),
(2648, 67, 4, 0, '', '', '', '', '', 0, ''),
(2649, 67, 5, 0, '', '', '', '', '', 0, ''),
(2650, 67, 6, 0, '', '', '', '', '', 0, ''),
(2651, 67, 7, 0, '', '', '', '', '', 0, ''),
(2652, 67, 8, 0, '', '', '', '', '', 0, ''),
(2653, 67, 9, 0, '', '', '', '', '', 0, ''),
(2654, 67, 10, 0, '', '', '', '', '', 0, ''),
(2655, 67, 11, 0, '', '', '', '', '', 0, ''),
(2656, 67, 12, 0, '', '', '', '', '', 0, ''),
(2657, 67, 13, 0, '', '', '', '', '', 0, ''),
(2658, 67, 14, 0, '', '', '', '', '', 0, ''),
(2659, 67, 15, 0, '', '', '', '', '', 0, ''),
(2660, 67, 16, 0, '', '', '', '', '', 0, ''),
(2661, 67, 17, 0, '', '', '', '', '', 0, ''),
(2662, 67, 18, 0, '', '', '', '', '', 0, ''),
(2663, 67, 19, 0, '', '', '', '', '', 0, ''),
(2664, 67, 20, 0, '', '', '', '', '', 0, ''),
(2665, 67, 21, 0, '', '', '', '', '', 0, ''),
(2666, 67, 22, 0, '', '', '', '', '', 0, ''),
(2667, 67, 23, 0, '', '', '', '', '', 0, ''),
(2668, 67, 24, 0, '', '', '', '', '', 0, ''),
(2669, 67, 25, 0, '', '', '', '', '', 0, ''),
(2670, 67, 26, 0, '', '', '', '', '', 0, ''),
(2671, 67, 27, 0, '', '', '', '', '', 0, ''),
(2672, 67, 28, 0, '', '', '', '', '', 0, ''),
(2673, 67, 29, 0, '', '', '', '', '', 0, ''),
(2674, 67, 30, 0, '', '', '', '', '', 0, ''),
(2675, 67, 31, 0, '', '', '', '', '', 0, ''),
(2676, 67, 32, 0, '', '', '', '', '', 0, ''),
(2677, 67, 33, 0, '', '', '', '', '', 0, ''),
(2678, 67, 34, 0, '', '', '', '', '', 0, ''),
(2679, 67, 35, 0, '', '', '', '', '', 0, ''),
(2680, 67, 36, 0, '', '', '', '', '', 0, ''),
(2681, 67, 37, 0, '', '', '', '', '', 0, ''),
(2682, 67, 38, 0, '', '', '', '', '', 0, ''),
(2683, 67, 39, 0, '', '', '', '', '', 0, ''),
(2684, 67, 40, 0, '', '', '', '', '', 0, ''),
(2685, 68, 1, 0, '', '', '', '', '', 0, ''),
(2686, 68, 2, 0, '', '', '', '', '', 0, ''),
(2687, 68, 3, 0, '', '', '', '', '', 0, ''),
(2688, 68, 4, 0, '', '', '', '', '', 0, ''),
(2689, 68, 5, 0, '', '', '', '', '', 0, ''),
(2690, 68, 6, 0, '', '', '', '', '', 0, ''),
(2691, 68, 7, 0, '', '', '', '', '', 0, ''),
(2692, 68, 8, 0, '', '', '', '', '', 0, ''),
(2693, 68, 9, 0, '', '', '', '', '', 0, ''),
(2694, 68, 10, 0, '', '', '', '', '', 0, ''),
(2695, 68, 11, 0, '', '', '', '', '', 0, ''),
(2696, 68, 12, 0, '', '', '', '', '', 0, ''),
(2697, 68, 13, 0, '', '', '', '', '', 0, ''),
(2698, 68, 14, 0, '', '', '', '', '', 0, ''),
(2699, 68, 15, 0, '', '', '', '', '', 0, ''),
(2700, 68, 16, 0, '', '', '', '', '', 0, ''),
(2701, 68, 17, 0, '', '', '', '', '', 0, ''),
(2702, 68, 18, 0, '', '', '', '', '', 0, ''),
(2703, 68, 19, 0, '', '', '', '', '', 0, ''),
(2704, 68, 20, 0, '', '', '', '', '', 0, ''),
(2705, 68, 21, 0, '', '', '', '', '', 0, ''),
(2706, 68, 22, 0, '', '', '', '', '', 0, ''),
(2707, 68, 23, 0, '', '', '', '', '', 0, ''),
(2708, 68, 24, 0, '', '', '', '', '', 0, ''),
(2709, 68, 25, 0, '', '', '', '', '', 0, ''),
(2710, 68, 26, 0, '', '', '', '', '', 0, ''),
(2711, 68, 27, 0, '', '', '', '', '', 0, ''),
(2712, 68, 28, 0, '', '', '', '', '', 0, ''),
(2713, 68, 29, 0, '', '', '', '', '', 0, ''),
(2714, 68, 30, 0, '', '', '', '', '', 0, ''),
(2715, 68, 31, 0, '', '', '', '', '', 0, ''),
(2716, 68, 32, 0, '', '', '', '', '', 0, ''),
(2717, 68, 33, 0, '', '', '', '', '', 0, ''),
(2718, 68, 34, 0, '', '', '', '', '', 0, ''),
(2719, 68, 35, 0, '', '', '', '', '', 0, ''),
(2720, 68, 36, 0, '', '', '', '', '', 0, ''),
(2721, 68, 37, 0, '', '', '', '', '', 0, ''),
(2722, 68, 38, 0, '', '', '', '', '', 0, ''),
(2723, 68, 39, 0, '', '', '', '', '', 0, ''),
(2724, 68, 40, 0, '', '', '', '', '', 0, ''),
(2725, 69, 1, 0, '', '', '', '', '', 0, ''),
(2726, 69, 2, 0, '', '', '', '', '', 0, ''),
(2727, 69, 3, 0, '', '', '', '', '', 0, ''),
(2728, 69, 4, 0, '', '', '', '', '', 0, ''),
(2729, 69, 5, 0, '', '', '', '', '', 0, ''),
(2730, 69, 6, 0, '', '', '', '', '', 0, ''),
(2731, 69, 7, 0, '', '', '', '', '', 0, ''),
(2732, 69, 8, 0, '', '', '', '', '', 0, ''),
(2733, 69, 9, 0, '', '', '', '', '', 0, ''),
(2734, 69, 10, 0, '', '', '', '', '', 0, ''),
(2735, 69, 11, 0, '', '', '', '', '', 0, ''),
(2736, 69, 12, 0, '', '', '', '', '', 0, ''),
(2737, 69, 13, 0, '', '', '', '', '', 0, ''),
(2738, 69, 14, 0, '', '', '', '', '', 0, ''),
(2739, 69, 15, 0, '', '', '', '', '', 0, ''),
(2740, 69, 16, 0, '', '', '', '', '', 0, ''),
(2741, 69, 17, 0, '', '', '', '', '', 0, ''),
(2742, 69, 18, 0, '', '', '', '', '', 0, ''),
(2743, 69, 19, 0, '', '', '', '', '', 0, ''),
(2744, 69, 20, 0, '', '', '', '', '', 0, ''),
(2745, 69, 21, 0, '', '', '', '', '', 0, ''),
(2746, 69, 22, 0, '', '', '', '', '', 0, ''),
(2747, 69, 23, 0, '', '', '', '', '', 0, ''),
(2748, 69, 24, 0, '', '', '', '', '', 0, ''),
(2749, 69, 25, 0, '', '', '', '', '', 0, ''),
(2750, 69, 26, 0, '', '', '', '', '', 0, ''),
(2751, 69, 27, 0, '', '', '', '', '', 0, ''),
(2752, 69, 28, 0, '', '', '', '', '', 0, ''),
(2753, 69, 29, 0, '', '', '', '', '', 0, ''),
(2754, 69, 30, 0, '', '', '', '', '', 0, ''),
(2755, 69, 31, 0, '', '', '', '', '', 0, ''),
(2756, 69, 32, 0, '', '', '', '', '', 0, ''),
(2757, 69, 33, 0, '', '', '', '', '', 0, ''),
(2758, 69, 34, 0, '', '', '', '', '', 0, ''),
(2759, 69, 35, 0, '', '', '', '', '', 0, ''),
(2760, 69, 36, 0, '', '', '', '', '', 0, ''),
(2761, 69, 37, 0, '', '', '', '', '', 0, ''),
(2762, 69, 38, 0, '', '', '', '', '', 0, ''),
(2763, 69, 39, 0, '', '', '', '', '', 0, ''),
(2764, 69, 40, 0, '', '', '', '', '', 0, '');

-- --------------------------------------------------------

--
-- Table structure for table `sliders`
--

CREATE TABLE IF NOT EXISTS `sliders` (
  `id` int(11) NOT NULL AUTO_INCREMENT,
  `img` varchar(255) NOT NULL,
  PRIMARY KEY (`id`)
) ENGINE=MyISAM  DEFAULT CHARSET=latin1 AUTO_INCREMENT=34 ;

--
-- Dumping data for table `sliders`
--

INSERT INTO `sliders` (`id`, `img`) VALUES
(33, '1451834652.jpg'),
(31, '1451834586.jpg'),
(32, '1451834631.jpg');

-- --------------------------------------------------------

--
-- Table structure for table `ticket_details`
--

CREATE TABLE IF NOT EXISTS `ticket_details` (
  `id` int(11) NOT NULL AUTO_INCREMENT,
  `busid` varchar(64) CHARACTER SET utf8 NOT NULL,
  `pname` varchar(128) CHARACTER SET utf8 NOT NULL,
  `pmobile` varchar(64) CHARACTER SET utf8 NOT NULL,
  `start` varchar(64) CHARACTER SET utf8 NOT NULL,
  `depart` varchar(64) CHARACTER SET utf8 NOT NULL,
  `seats` varchar(128) CHARACTER SET utf8 NOT NULL,
  `status` varchar(255) NOT NULL,
  `uid` varchar(255) NOT NULL,
  `cost` varchar(255) NOT NULL,
  PRIMARY KEY (`id`),
  UNIQUE KEY `id` (`id`)
) ENGINE=InnoDB  DEFAULT CHARSET=latin1 AUTO_INCREMENT=19 ;

--
-- Dumping data for table `ticket_details`
--

INSERT INTO `ticket_details` (`id`, `busid`, `pname`, `pmobile`, `start`, `depart`, `seats`, `status`, `uid`, `cost`) VALUES
(1, '6', 'john kamau', '', '', '', 'G4', '1', '12', '400'),
(2, '7', 'peter onyango', 'aaaaaaa', 'aaaaaaaaa', 'aaaaaa', 'A3 , A2 , A1 , ', '1', '12', '1200'),
(3, '3', 'abdi hassan', 'nbiunmkimn', 'mnnkimn', 'ikmmn ikmni', 'C3 , C2 , B3 , B2 , A3 , A2 ', '', '', ''),
(4, '19', 'Halima hossain', '', '', '', 'A4 ', '1', '12', '400'),
(5, '7', 'Felix mutua', '', '', '', 'A4 ', '1', '12', '400'),
(6, '7', 'Ian Benson', '01912751111', 'nairobi', 'mombasa', 'B4 ', '1', '12', '400'),
(7, '26', 'meet', '0987', 'Nairobi', 'Kisumu', 'B3 , ', '1', '18', '400'),
(8, '26', 'meet', '0987', 'Nairobi', 'Kisumu', 'B3 , ', '1', '18', '400'),
(9, '26', 'meet', '0987', '', '', 'G2 , G1 , ', '1', '18', '800'),
(10, '29', 'meet', '0987', 'Nairobi', 'Kisumu', 'E4 , E3 , ', '1', '18', '800'),
(11, '29', 'meet', '0987', '', '', 'G3 , G2 , ', '1', '18', '800'),
(12, '29', 'meet', '0987', '', '', 'B3 , B2 , ', '1', '18', '800'),
(13, '60', 'wilson maina', '0716729066', 'nairo', '', 'A2 , A1 , ', '2', '19', '800'),
(14, '60', 'wilson maina', '0716729066', 'Nairobi', 'Kisumu', 'A2 , A1 , ', '2', '19', '800'),
(15, '56', 'wilson maina', '0716729066', 'Nairobi', 'Kisumu', 'A2 , ', '2', '19', '400'),
(16, '64', 'wilson maina', '0716729066', 'Nairobi', 'Kisumu', 'A2 , ', '2', '19', '400'),
(17, '64', 'wilson maina', '0716729066', '', '', 'A3 , ', '2', '19', '400'),
(18, '64', 'wilson maina', '0716729066', '', '', 'B3 , ', '2', '19', '400');

-- --------------------------------------------------------

--
-- Table structure for table `users`
--

CREATE TABLE IF NOT EXISTS `users` (
  `id` int(11) NOT NULL AUTO_INCREMENT,
  `username` varchar(64) CHARACTER SET utf8 NOT NULL,
  `name` varchar(128) CHARACTER SET utf8 NOT NULL,
  `email` varchar(64) CHARACTER SET utf8 NOT NULL,
  `mobile` varchar(128) CHARACTER SET utf8 NOT NULL,
  `password` varchar(80) CHARACTER SET utf8 NOT NULL,
  PRIMARY KEY (`id`),
  UNIQUE KEY `email` (`email`)
) ENGINE=InnoDB  DEFAULT CHARSET=latin1 AUTO_INCREMENT=20 ;

--
-- Dumping data for table `users`
--

INSERT INTO `users` (`id`, `username`, `name`, `email`, `mobile`, `password`) VALUES
(6, 'shaon', 'MD Shamsuzzaman', 'shaoneel@gmail.com', '01717890623', '1cae40f6ac2301c2d790534d97076396'),
(7, 'Jenny', 'My Favorite TV Shows', 'shaon@gmail.com', '222222222222222', '87c81fd1827de2cb35ef86234225c958'),
(8, 'roby', 'shoun sk', 'dalimh2000@yahoo.co', '01827330946', 'd3c4fb694484de76fc00096d34a64bf1'),
(9, 'abir', 'Abir Khan', 'abirkhan75@gmail.com', '0171205898', 'eb0c91f34589b9413da81a7aa67f01f7'),
(10, 'rifat636', 'rifat636', 'rifat636@yahoo.com', '01912751111', '3e6e558ab7d8c5425c32d1f6a1276ed6'),
(11, 'mmamun', 'mmum', 'mn_apon@hotmail.com', '98789789789', 'f5bb0c8de146c67b44babbf4e6584cc0'),
(12, 'admin', 'nahid hossain', 'nahidhossain89@gmail.com', '', 'e10adc3949ba59abbe56e057f20f883e'),
(13, 'a', 'b', 'ab@yahoo.com', '016946956956', '25d55ad283aa400af464c76d713c07ad'),
(14, 'admin', 'Admin Ahmed', 'andmin@gmaili.com', '01245877', 'e10adc3949ba59abbe56e057f20f883e'),
(15, '21237', 'ali heydari', 'ali.heydari69@gmail.com', '09387811303', '4effc08cc893c51a48f840e0b6e8e2b8'),
(16, 'admin', 'admin', 'admin@admin.biz', '7868768', '21232f297a57a5a743894a0e4a801fc3'),
(17, 'abir', 'abir', 'hbbub', 'ubuun', '9ab209d66a9bf2250d7f56cc4b3b125d'),
(18, 'me', 'meet', 'me@me.com', '0987', '227888d9fc7a4748eb6b6495491daf99'),
(19, 'ndunya', 'wilson maina', 'ndunya@gmail.com', '0716729066', '165036bd6fbc8192707a56edfce7f888');

/*!40101 SET CHARACTER_SET_CLIENT=@OLD_CHARACTER_SET_CLIENT */;
/*!40101 SET CHARACTER_SET_RESULTS=@OLD_CHARACTER_SET_RESULTS */;
/*!40101 SET COLLATION_CONNECTION=@OLD_COLLATION_CONNECTION */;
